left_1,left_2,left_3,left_4,left_5,left_6,left_7,left_8,left_9,left_10,left_11,left_12,left_13,left_14,left_15,left_16,left_17,left_18,left_19,left_20,left_21,left_22,left_23,left_24,left_25,left_26,left_27,left_28,left_29,left_30,left_31,left_32,left_33,left_34,left_35,left_36,left_37,left_38,left_39,left_40,left_41,left_42,left_43,left_44,left_45,left_46,left_47,left_48,right_1,right_2,right_3,right_4,right_5,right_6,right_7,right_8,right_9,right_10,right_11,right_12,right_13,right_14,right_15,right_16,right_17,right_18,right_19,right_20,right_21,right_22,right_23,right_24,right_25,right_26,right_27,right_28,right_29,right_30,right_31,right_32,right_33,right_34,right_35,right_36,right_37,right_38,right_39,right_40,right_41,right_42,right_43,right_44,right_45,right_46,right_47,right_48,direction
0,0,0,0,0,0,14,27,0,0,0,0,0,0,0,0,0,0,0,5,4,0,0,0,0,0,0,0,0,0,0,6,15,0,0,0,0,0,0,0,0,0,0,27,17,0,0,0,0,0,0,0,0,0,7,45,56,0,0,0,0,0,0,0,0,0,0,29,44,0,0,0,0,0,0,0,0,0,0,17,35,0,0,0,0,0,0,0,0,0,0,43,38,0,0,0,forward
0,0,0,0,0,0,6,22,0,27,5,0,0,0,0,0,0,0,0,0,0,0,8,0,0,0,0,0,0,0,0,0,20,0,44,0,0,0,0,0,0,0,0,41,38,0,0,0,0,0,0,0,0,0,0,37,54,0,0,0,0,0,0,0,0,0,0,16,36,0,0,0,0,0,0,0,0,0,0,18,38,0,0,0,0,0,0,0,0,0,0,59,47,0,0,0,forward
0,0,0,0,0,0,0,20,0,42,16,0,0,0,0,0,0,0,0,0,3,0,11,0,0,0,0,0,0,0,0,0,19,0,45,0,0,0,0,0,0,0,0,43,46,0,0,0,0,0,0,0,0,0,0,34,53,0,0,0,0,0,0,0,0,0,0,14,38,0,0,0,0,0,0,0,0,0,0,18,40,0,0,0,0,0,0,0,0,0,0,61,43,0,0,0,forward
0,0,0,0,0,0,0,16,0,71,36,0,0,0,0,0,0,0,0,0,7,0,13,0,0,0,0,0,0,0,0,0,21,0,50,0,0,0,0,0,0,0,0,49,55,0,0,0,0,0,0,0,0,0,0,27,47,0,0,0,0,0,0,0,0,0,0,5,40,0,0,0,0,0,0,0,0,0,0,9,32,0,0,0,0,0,0,0,0,0,0,49,34,0,0,0,forward
0,0,0,0,0,0,0,0,0,52,47,0,0,0,0,0,0,0,0,0,0,0,32,0,0,0,0,0,0,0,0,0,3,0,64,0,0,0,0,0,0,0,0,46,65,0,0,0,0,0,0,0,0,0,0,27,44,0,0,0,0,0,0,0,0,0,0,8,46,0,0,0,0,0,0,0,0,0,0,6,33,0,0,0,0,0,0,0,0,0,0,47,17,0,0,0,forward
0,0,0,0,0,0,0,0,0,74,54,0,0,0,0,0,0,0,0,0,0,0,30,0,0,0,0,0,0,0,0,0,11,0,51,0,0,0,0,0,0,0,0,47,65,0,0,0,0,0,0,0,0,0,0,31,54,0,0,0,0,0,0,0,0,0,0,17,52,0,0,0,0,0,0,0,0,0,0,39,48,0,0,0,0,0,0,0,0,0,0,120,72,0,0,0,forward
0,0,0,0,0,0,0,0,0,60,30,0,0,0,0,0,0,0,0,0,0,0,3,0,0,0,0,0,0,0,0,0,22,0,30,0,0,0,0,0,0,0,0,67,82,0,0,0,0,0,0,0,0,0,0,21,52,0,0,0,0,0,0,0,0,0,0,0,37,0,0,0,0,0,0,0,0,0,0,10,40,0,0,0,0,0,0,0,0,0,0,53,60,0,0,0,forward
0,0,0,0,0,0,0,0,0,40,21,0,0,0,0,0,0,0,0,0,6,0,5,0,0,0,0,0,0,0,0,16,35,0,34,0,0,0,0,0,0,0,0,70,81,0,0,0,0,0,0,0,0,0,0,9,49,0,0,0,0,0,0,0,0,0,0,0,52,0,0,0,0,0,0,0,0,0,0,36,72,0,0,0,0,0,0,0,0,0,0,112,123,0,0,0,forward
0,0,0,0,0,0,0,0,0,31,36,0,0,0,0,0,0,0,0,0,0,0,19,0,0,0,0,0,0,0,0,0,23,0,51,0,0,0,0,0,0,0,0,49,56,0,0,0,0,0,0,0,0,0,0,0,45,0,0,0,0,0,0,0,0,0,0,0,11,0,0,0,0,0,0,0,0,0,0,0,26,0,0,0,0,0,0,0,0,0,0,25,44,0,0,0,forward
0,0,0,0,0,0,0,0,0,31,30,0,0,0,0,0,0,0,0,0,4,0,14,0,0,0,0,0,0,0,0,16,33,0,40,0,0,0,0,0,0,0,0,65,70,0,0,0,0,0,0,0,0,0,0,5,44,0,0,0,0,0,0,0,0,0,0,0,35,0,0,0,0,0,0,0,0,0,0,3,44,0,0,0,0,0,0,0,0,0,0,67,73,0,0,0,forward
0,0,0,0,0,0,0,0,0,17,23,0,0,0,0,0,0,0,0,0,8,0,12,0,0,0,0,0,0,0,0,19,34,0,35,0,0,0,0,0,0,0,0,71,72,0,0,0,0,0,0,0,0,0,0,24,65,0,0,0,0,0,0,0,0,0,0,10,63,17,0,0,0,0,0,0,0,0,0,16,59,0,0,0,0,0,0,0,0,0,0,84,104,0,0,0,forward
0,0,0,0,0,0,0,8,3,19,20,0,0,0,0,0,0,0,0,0,12,0,0,0,0,0,0,0,0,0,0,24,38,0,19,0,0,0,0,0,0,0,0,77,75,0,0,0,0,0,0,0,0,0,0,22,62,0,0,5,0,0,0,0,0,0,0,5,54,15,0,0,0,0,0,0,0,0,0,14,56,0,0,0,0,0,0,0,0,0,0,74,98,0,0,0,forward
0,0,0,0,0,0,0,20,3,0,0,0,0,0,0,0,0,0,0,14,21,0,0,0,0,0,0,0,0,0,0,40,49,0,0,0,0,0,0,0,0,0,5,75,73,0,0,0,0,0,0,0,0,0,0,23,60,0,0,0,0,0,0,0,0,0,0,7,57,16,0,0,0,0,0,0,0,0,0,12,54,0,0,0,0,0,0,0,0,0,0,53,85,0,0,0,forward
0,0,0,0,0,0,0,33,19,0,0,0,0,0,0,0,0,0,0,28,30,0,0,0,0,0,0,0,0,0,0,63,63,0,0,0,0,0,0,0,0,0,5,120,54,0,0,0,0,0,0,0,0,0,0,34,72,0,0,0,0,0,0,0,0,0,0,15,54,5,0,0,0,0,0,0,0,0,0,14,58,6,0,0,0,0,0,0,0,0,0,58,74,0,0,0,forward
0,0,0,0,0,0,3,39,15,0,0,0,0,0,0,0,0,0,0,41,37,0,0,0,0,0,0,0,0,0,0,72,65,0,0,0,0,0,0,0,0,0,0,124,59,0,0,0,0,0,0,0,0,0,0,44,79,0,0,0,0,0,0,0,0,0,0,33,67,16,0,0,0,0,0,0,0,0,0,29,68,0,0,0,0,0,0,0,0,0,0,69,74,0,0,0,forward
0,0,0,0,0,0,7,40,18,0,0,0,0,0,0,0,0,0,0,42,41,0,0,0,0,0,0,0,0,0,0,74,68,0,0,0,0,0,0,0,0,0,0,133,69,0,0,0,0,0,0,0,0,0,0,49,89,0,0,0,0,0,0,0,0,0,0,37,71,16,0,0,0,0,0,0,0,0,0,26,64,0,0,0,0,0,0,0,0,0,0,44,53,0,0,0,forward
0,0,0,0,0,0,13,46,20,0,0,0,0,0,0,0,0,0,0,43,42,0,0,0,0,0,0,0,0,0,0,65,65,0,0,0,0,0,0,0,0,0,0,83,61,0,0,0,0,0,0,0,0,0,4,47,77,0,0,0,0,0,0,0,0,0,0,41,70,15,0,0,0,0,0,0,0,0,0,28,62,0,0,0,0,0,0,0,0,0,0,40,50,0,0,0,forward
0,0,0,0,0,0,17,26,3,0,0,0,0,0,0,0,0,0,0,11,8,0,0,0,0,0,0,0,0,0,0,26,26,0,0,0,0,0,0,0,0,0,0,22,5,0,0,0,0,0,0,0,0,0,4,24,47,0,0,0,0,0,0,0,0,0,0,18,39,0,0,0,0,0,0,0,0,0,0,12,37,0,0,0,0,0,0,0,0,0,0,19,45,0,0,0,forward
0,0,0,0,0,0,18,26,0,0,0,0,0,0,0,0,0,0,0,14,8,0,0,0,0,0,0,0,0,0,0,30,22,0,0,0,0,0,0,0,0,0,0,23,4,0,0,0,0,0,0,0,0,0,0,22,43,0,0,0,0,0,0,0,0,0,0,14,36,0,0,0,0,0,0,0,0,0,0,8,36,0,0,0,0,0,0,0,0,0,0,20,50,0,0,0,forward
0,0,0,0,0,0,13,31,12,0,0,0,0,0,0,0,0,0,0,18,18,0,0,0,0,0,0,0,0,0,0,31,36,0,0,0,0,0,0,0,0,0,0,31,24,0,0,0,0,0,0,0,0,0,3,36,64,0,0,0,0,0,0,0,0,0,0,35,61,0,0,0,0,0,0,0,0,0,0,16,46,0,0,0,0,0,0,0,0,0,0,27,55,0,0,0,forward
0,0,0,0,0,0,14,34,20,0,0,0,0,0,0,0,0,0,0,23,24,0,0,0,0,0,0,0,0,0,0,31,38,0,0,0,0,0,0,0,0,0,0,39,31,0,0,0,0,0,0,0,0,0,0,34,65,0,0,0,0,0,0,0,0,0,0,32,59,4,0,0,0,0,0,0,0,0,0,18,44,0,0,0,0,0,0,0,0,0,0,25,53,0,0,0,forward
0,0,0,0,0,0,17,36,22,10,0,0,0,0,0,0,0,0,0,21,24,0,0,0,0,0,0,0,0,0,0,33,42,0,0,0,0,0,0,0,0,0,0,48,47,0,0,0,0,0,0,0,0,0,0,27,58,0,0,0,0,0,0,0,0,0,0,22,51,3,0,0,0,0,0,0,0,0,0,21,54,0,0,0,0,0,0,0,0,0,0,48,63,0,0,0,forward
0,0,0,0,0,0,0,12,8,0,0,0,0,0,0,0,0,0,0,8,10,0,0,0,0,0,0,0,0,0,0,31,40,0,28,0,0,0,0,0,0,0,0,72,79,0,0,0,0,0,0,0,0,0,0,20,54,0,0,0,0,0,0,0,0,0,0,13,52,5,0,0,0,0,0,0,0,0,0,15,51,0,0,0,0,0,0,0,0,0,0,75,76,0,0,0,forward
0,0,0,0,0,0,0,0,0,18,0,0,0,0,0,0,0,0,0,0,0,0,0,0,0,0,0,0,0,0,0,24,35,0,52,0,0,0,0,0,0,0,0,71,74,0,0,0,0,0,0,0,0,0,0,13,46,0,0,21,0,0,0,0,0,0,0,0,47,0,0,0,0,0,0,0,0,0,0,11,43,0,0,0,0,0,0,0,0,0,0,66,73,0,0,0,forward
0,0,0,0,0,0,0,0,0,26,20,0,0,0,0,0,0,0,0,0,9,0,0,0,0,0,0,0,0,0,0,28,41,0,17,0,0,0,0,0,0,0,0,73,71,0,0,0,0,0,0,0,0,0,0,12,46,0,0,12,0,0,0,0,0,0,0,0,38,0,0,0,0,0,0,0,0,0,0,5,39,0,0,0,0,0,0,0,0,0,0,48,67,0,0,0,forward
0,0,0,0,0,0,0,15,10,28,0,0,0,0,0,0,0,0,0,10,16,0,0,0,0,0,0,0,0,0,0,32,45,0,0,0,0,0,0,0,0,0,0,72,64,0,0,0,0,0,0,0,0,0,0,16,49,0,0,0,0,0,0,0,0,0,0,8,52,4,0,0,0,0,0,0,0,0,0,19,50,0,0,0,0,0,0,0,0,0,0,72,82,0,0,0,forward
0,0,0,0,0,0,6,14,12,49,58,0,0,0,0,0,0,0,0,0,3,0,0,0,0,0,0,0,0,0,0,19,31,0,40,0,0,0,0,0,0,0,0,53,32,0,0,0,0,0,0,0,0,0,0,8,42,0,0,0,0,0,0,0,0,0,0,0,35,0,0,0,0,0,0,0,0,0,0,0,31,0,0,0,0,0,0,0,0,0,0,40,52,0,0,0,forward
0,0,0,0,0,0,0,0,0,67,52,0,0,0,0,0,0,0,0,0,0,0,0,0,0,0,0,0,0,0,0,22,37,0,35,0,0,0,0,0,0,0,11,78,75,0,0,0,0,0,0,0,0,0,0,0,44,0,0,0,0,0,0,0,0,0,0,0,22,0,0,0,0,0,0,0,0,0,0,0,22,0,0,0,0,0,0,0,0,0,0,24,45,0,0,0,forward
0,0,0,0,0,0,0,0,0,24,0,0,0,0,0,0,0,0,0,5,17,0,0,0,0,0,0,0,0,0,0,56,62,0,0,0,0,0,0,0,0,0,0,185,99,0,0,0,0,0,0,0,0,0,0,0,44,0,0,0,0,0,0,0,0,0,0,0,23,0,0,0,0,0,0,0,0,0,0,0,25,0,0,0,0,0,0,0,0,0,0,38,51,0,0,0,forward
0,0,0,0,0,0,0,0,8,35,20,0,0,0,0,0,0,0,0,0,0,0,21,0,0,0,0,0,0,0,0,12,27,0,32,0,0,0,0,0,0,0,0,48,44,0,21,0,0,0,0,0,0,0,0,5,45,0,0,0,0,0,0,0,0,0,0,0,32,0,0,0,0,0,0,0,0,0,0,0,29,0,0,0,0,0,0,0,0,0,0,43,60,0,0,0,forward
0,0,0,0,0,0,0,3,10,29,15,0,0,0,0,0,0,0,0,0,4,0,8,0,0,0,0,0,0,0,0,14,29,0,24,0,0,0,0,0,0,0,0,50,43,0,0,0,0,0,0,0,0,0,0,3,46,0,0,0,0,0,0,0,0,0,0,0,31,0,0,0,0,0,0,0,0,0,0,0,31,0,0,0,0,0,0,0,0,0,0,46,63,0,0,0,forward
0,0,0,0,0,0,0,33,18,9,0,0,0,0,0,0,0,0,0,24,32,0,0,0,0,0,0,0,0,0,0,51,55,0,0,0,0,0,0,0,0,0,0,107,45,0,0,0,0,0,0,0,0,0,0,13,48,0,0,0,0,0,0,0,0,0,0,0,47,0,0,0,0,0,0,0,0,0,0,10,45,0,0,0,0,0,0,0,0,0,0,79,78,0,0,0,forward
0,0,0,0,0,0,0,21,19,45,18,0,0,0,0,0,0,0,0,8,8,0,15,0,0,0,0,0,0,0,0,29,37,0,34,0,0,0,0,0,0,0,0,60,52,0,0,0,0,0,0,0,0,0,0,7,46,0,0,0,0,0,0,0,0,0,0,0,34,0,0,0,0,0,0,0,0,0,0,0,29,0,0,0,0,0,0,0,0,0,0,49,56,0,0,0,forward
0,0,0,0,0,0,0,28,14,0,0,0,0,0,0,0,0,0,0,21,23,0,0,0,0,0,0,0,0,0,0,55,51,0,0,0,0,0,0,0,0,0,0,134,50,0,0,0,0,0,0,0,0,0,0,28,66,0,0,0,0,0,0,0,0,0,0,15,61,19,0,0,0,0,0,0,0,0,0,26,71,13,0,0,0,0,0,0,0,0,0,78,117,0,0,0,forward
0,0,0,0,0,0,0,28,12,0,0,0,0,0,0,0,0,0,0,22,21,0,0,0,0,0,0,0,0,0,0,51,47,0,0,0,0,0,0,0,0,0,3,110,50,0,0,0,0,0,0,0,0,0,0,32,66,0,0,0,0,0,0,0,0,0,0,18,63,15,0,0,0,0,0,0,0,0,0,24,66,11,0,0,0,0,0,0,0,0,0,80,107,0,0,0,forward
13,0,0,0,0,0,0,0,0,0,0,0,11,0,0,0,0,0,0,0,0,0,0,0,0,0,0,0,0,0,0,0,0,0,0,0,0,0,0,0,0,0,0,0,0,0,0,0,0,46,59,70,0,15,0,4,16,0,0,0,6,3,28,64,0,0,0,0,4,0,0,0,0,0,53,54,0,0,0,0,6,0,0,0,0,0,0,0,0,0,0,0,0,0,0,0,backward
0,31,25,0,0,0,0,0,0,0,0,0,44,0,0,0,0,0,0,0,0,0,0,0,110,13,13,0,0,0,0,0,0,0,0,0,32,23,5,0,0,0,0,0,0,0,0,0,0,21,37,26,0,0,0,0,3,0,0,0,5,0,24,36,0,0,0,0,0,0,0,0,0,0,58,37,0,0,0,0,6,0,0,0,0,0,0,0,0,0,0,0,0,0,0,0,backward
10,36,20,0,0,0,0,0,0,0,0,0,53,0,0,0,0,0,0,0,0,0,0,0,119,14,15,0,0,0,0,0,0,0,0,0,11,0,0,0,0,0,0,0,0,0,0,0,0,36,42,20,0,0,0,0,4,0,0,0,0,8,31,44,0,0,0,0,4,0,0,0,0,0,67,47,0,0,0,0,9,0,0,0,0,0,0,0,0,0,0,0,0,0,0,0,backward
25,40,31,0,0,0,0,0,0,0,0,0,50,0,0,0,0,0,0,0,0,0,0,0,92,11,10,0,0,0,0,0,0,0,0,0,3,0,0,0,0,0,0,0,0,0,0,0,0,63,48,0,0,0,0,0,15,0,0,0,4,16,41,40,0,0,0,0,12,0,0,0,0,6,69,52,0,0,0,0,18,0,0,0,0,3,0,0,0,0,0,20,0,0,0,0,backward
18,33,27,0,0,0,0,0,0,0,0,0,41,0,0,0,0,0,0,0,0,0,0,0,47,0,4,0,0,0,0,0,0,0,0,0,0,0,0,0,0,0,0,0,0,0,0,0,0,32,16,0,0,0,0,0,10,0,0,0,3,15,42,28,0,0,0,0,0,0,0,0,0,9,90,67,0,0,0,0,16,0,0,0,0,63,28,30,0,0,0,0,0,0,0,0,backward
20,27,15,0,0,0,0,0,0,0,0,0,49,0,0,0,0,0,0,0,0,0,0,0,49,0,0,0,0,0,0,0,0,0,0,0,0,0,0,0,0,0,0,19,0,0,0,0,0,41,17,0,0,0,0,0,11,0,0,0,7,17,45,34,0,0,0,0,3,0,0,0,0,11,88,68,0,0,0,0,10,0,0,0,0,63,32,45,0,0,0,0,0,0,0,0,backward
0,31,33,0,0,0,0,0,0,0,0,0,17,0,8,0,0,0,0,0,0,0,0,0,84,0,13,0,0,0,0,0,0,0,0,0,16,0,0,0,0,0,0,0,0,0,0,0,0,40,48,9,0,0,0,0,0,0,0,0,0,11,31,28,0,0,0,0,0,0,0,0,0,0,68,40,0,0,0,0,0,0,0,0,0,6,0,0,0,0,0,0,0,0,0,0,backward
0,31,36,0,0,0,0,0,0,0,0,0,24,0,5,0,0,0,0,0,0,0,0,0,85,0,10,0,0,0,0,0,0,0,0,0,29,0,0,0,0,0,0,0,0,0,0,0,3,53,56,14,0,0,0,0,0,0,0,0,0,11,35,32,0,0,0,0,0,0,0,0,0,8,72,43,0,0,0,0,0,0,0,0,0,13,0,0,0,0,0,0,0,0,0,0,backward
0,35,36,0,0,0,0,0,0,0,0,0,20,0,0,0,0,0,0,0,0,0,0,0,81,0,6,0,0,0,0,0,0,0,0,0,7,0,0,0,0,0,0,0,0,0,0,0,0,67,66,36,0,0,0,0,6,0,0,0,0,13,50,48,0,0,0,0,0,0,0,0,0,12,83,45,0,0,0,0,0,0,0,0,0,0,0,0,0,0,0,0,0,0,0,0,backward
11,41,36,0,0,0,0,0,0,0,0,0,29,0,0,0,0,0,0,0,0,0,0,0,47,0,6,0,0,0,0,0,0,0,0,0,0,0,0,0,0,0,0,0,0,0,0,0,19,66,67,46,0,0,0,0,8,0,0,0,0,16,48,45,0,0,0,0,4,0,0,0,0,8,78,43,0,0,0,0,0,0,0,0,0,0,0,0,0,0,0,0,0,0,0,0,backward
20,52,43,6,0,0,0,0,0,0,0,0,10,0,0,0,0,0,0,0,0,0,0,0,25,0,0,0,0,0,0,0,0,0,0,0,0,0,0,0,0,0,0,0,0,0,0,0,0,42,38,0,0,0,0,0,0,0,0,0,0,7,24,16,0,0,0,0,0,0,0,0,0,0,64,37,0,0,0,0,18,0,0,0,0,0,0,5,0,0,0,8,6,0,0,0,backward
49,0,0,7,16,38,45,47,0,0,0,0,0,0,0,0,0,0,0,0,0,0,0,0,0,0,0,0,0,0,0,0,0,0,0,0,0,0,0,0,0,0,0,0,0,0,0,0,0,0,0,0,0,0,0,0,0,0,0,0,0,0,0,0,0,0,0,0,0,0,0,0,0,0,24,12,0,0,0,0,7,0,0,0,0,0,0,3,0,0,0,0,20,0,0,0,strafe_left
47,0,0,0,12,30,38,43,0,0,0,0,0,0,0,0,0,0,0,0,0,0,0,0,0,0,0,0,0,0,0,0,0,0,0,0,0,0,0,0,0,0,0,0,0,0,0,0,0,0,0,0,0,0,0,0,7,0,0,0,0,0,0,0,0,0,0,0,0,0,0,0,0,0,0,10,0,0,0,0,13,0,0,0,0,0,0,11,0,0,0,0,31,0,0,0,strafe_left
73,3,0,0,10,27,31,36,0,0,0,0,0,0,0,0,0,0,0,0,0,0,0,0,0,0,0,0,0,0,0,0,0,0,0,0,0,0,0,0,0,0,0,0,0,0,0,0,0,0,0,0,0,0,0,0,5,0,0,0,0,0,0,0,0,0,0,0,0,0,0,0,0,0,3,14,0,0,0,0,11,0,0,0,0,0,0,12,0,0,0,0,28,0,0,0,strafe_left
50,0,0,0,12,35,39,47,0,0,0,0,0,0,0,0,0,0,0,0,0,0,0,0,0,0,0,0,0,0,0,0,0,0,0,0,0,0,0,0,0,0,0,0,0,0,0,0,0,0,0,0,0,0,0,0,0,0,0,0,0,0,0,0,0,0,0,0,0,0,0,0,0,0,28,24,0,0,0,0,7,0,0,0,0,0,0,11,0,0,0,0,23,0,0,0,strafe_left
40,0,0,0,0,36,53,64,10,0,0,0,0,0,0,0,0,0,0,0,0,0,0,0,0,0,0,0,0,0,0,0,0,0,0,0,0,0,0,0,0,0,0,0,0,0,0,0,0,0,0,0,0,0,0,0,0,0,0,0,0,0,0,0,0,0,0,0,0,0,0,0,0,0,20,18,0,0,0,0,8,0,0,0,0,0,0,12,0,0,0,0,25,0,0,0,strafe_left
30,0,0,0,0,18,47,75,20,0,0,0,0,0,0,0,0,0,0,0,0,0,0,0,0,0,0,0,0,0,0,0,0,0,0,0,0,0,0,0,0,0,0,0,0,0,0,0,0,0,0,0,0,0,0,0,0,0,0,0,0,0,0,0,0,0,0,0,0,0,0,0,0,0,18,15,0,0,0,0,7,0,0,0,0,0,0,10,0,0,0,0,26,0,0,0,strafe_left
39,0,0,4,30,50,46,55,0,0,0,0,3,0,0,0,0,0,0,0,0,0,0,0,0,0,0,0,0,0,0,0,0,0,0,0,0,0,0,0,0,0,0,0,0,0,0,0,0,0,0,0,0,0,0,0,0,0,0,0,0,0,0,0,0,0,0,0,0,0,0,0,0,0,27,25,0,0,0,0,4,0,0,0,0,0,0,18,0,0,0,0,26,0,0,0,strafe_left
24,0,0,0,0,20,42,84,36,0,0,0,0,0,0,0,0,0,0,0,0,0,0,0,0,0,0,0,0,0,0,0,0,0,0,0,0,0,0,0,0,0,0,0,0,0,0,0,0,0,0,0,0,0,0,0,0,0,0,0,0,0,0,0,0,0,0,0,0,0,0,0,0,0,19,16,0,0,0,0,0,0,0,0,0,0,0,12,0,0,0,0,25,0,0,0,strafe_left
13,0,0,0,0,27,47,90,44,0,0,0,0,0,0,0,0,0,0,0,0,0,0,0,0,0,0,0,0,0,0,0,0,0,0,0,0,0,0,0,0,0,0,0,0,0,0,0,0,0,0,0,0,0,0,0,0,0,0,0,0,0,0,0,0,0,0,0,0,0,0,0,0,0,9,13,0,0,0,0,7,0,0,0,0,0,0,13,0,0,0,0,32,0,0,0,strafe_left
40,0,0,0,34,56,47,52,4,0,0,0,3,0,0,0,0,0,0,0,0,0,0,0,0,0,0,0,0,0,0,0,0,0,0,0,0,0,0,0,0,0,0,0,0,0,0,0,0,0,0,0,0,0,0,0,0,0,0,0,0,0,0,0,0,0,0,0,0,0,0,0,0,0,19,18,0,0,0,0,11,0,0,0,0,0,0,19,0,0,0,0,35,0,0,0,strafe_left
0,0,0,0,0,0,0,0,0,0,0,0,27,0,0,0,0,0,0,0,0,0,0,0,0,0,0,0,0,0,0,0,0,0,0,0,0,0,0,0,0,0,0,0,0,0,0,0,0,0,0,0,0,0,0,0,6,0,0,0,0,0,0,0,0,0,0,0,0,0,0,0,0,0,24,22,0,0,0,0,15,0,0,0,0,0,0,12,0,0,0,0,24,0,0,0,strafe_left
0,0,0,0,0,0,0,0,0,0,0,0,37,0,0,0,0,0,0,0,0,0,0,0,0,0,0,0,0,0,0,0,0,0,0,0,0,0,0,0,0,0,0,0,0,0,0,0,0,0,0,0,0,0,0,0,9,0,0,0,0,0,0,0,0,0,0,0,0,0,0,0,0,0,32,28,0,0,0,0,21,0,0,0,0,0,0,16,0,0,0,4,33,0,0,0,strafe_left
0,0,0,0,0,0,0,0,0,0,0,0,30,0,0,0,0,0,0,0,0,0,0,0,0,0,0,0,0,0,0,0,0,0,0,0,0,0,0,0,0,0,0,0,0,0,0,0,0,0,0,0,0,0,0,0,3,0,0,0,0,0,7,8,0,0,0,0,0,0,0,0,0,0,43,36,0,0,0,0,26,0,0,0,0,0,0,16,0,0,0,14,39,0,0,0,strafe_left
39,0,0,6,45,65,54,61,0,0,0,0,12,0,0,0,0,0,0,0,0,0,0,0,0,0,0,0,0,0,0,0,0,0,0,0,0,0,0,0,0,0,0,0,0,0,0,0,0,0,0,0,0,0,0,0,0,0,0,0,0,0,0,0,0,0,0,0,0,0,0,0,0,0,21,15,0,0,0,0,13,0,0,0,0,0,0,11,0,0,0,0,20,0,0,0,strafe_left
0,0,0,0,0,0,0,0,0,0,0,0,28,0,0,0,0,0,0,0,0,0,0,0,0,0,0,0,0,0,0,0,0,0,0,0,0,0,0,0,0,0,0,0,0,0,0,0,0,0,0,0,0,0,0,0,0,0,0,0,0,0,0,0,0,0,0,0,0,0,0,0,0,0,26,22,0,0,0,0,11,0,0,0,0,0,0,10,0,0,0,0,13,0,0,0,strafe_left
0,0,0,0,0,0,0,0,0,0,0,0,0,0,0,0,0,0,0,0,0,0,0,0,41,0,0,0,0,0,0,0,0,0,0,0,57,38,23,0,0,0,0,20,7,0,0,0,0,0,13,44,0,61,59,43,41,0,0,0,0,0,0,0,0,0,0,0,0,0,0,0,0,0,0,0,0,0,0,0,0,0,0,0,0,0,0,0,0,0,0,0,0,0,0,0,strafe_right
0,0,0,0,0,0,0,0,0,0,0,0,0,0,0,0,0,0,0,0,0,0,0,0,41,0,0,0,0,0,0,0,0,0,0,0,18,0,9,0,0,0,0,5,0,0,0,0,0,0,27,46,18,65,61,49,43,0,0,0,0,0,0,16,0,0,0,0,0,0,0,0,0,0,0,0,0,0,0,0,0,0,0,0,0,0,0,0,0,0,0,0,0,0,0,0,strafe_right
0,0,0,0,0,0,0,0,0,0,0,0,0,0,0,0,0,0,0,0,0,0,0,0,36,0,0,0,0,0,0,0,0,0,0,0,28,0,5,0,0,0,0,0,0,0,0,0,0,6,44,51,12,55,47,39,35,0,0,0,0,0,0,23,0,0,0,0,0,0,0,0,0,0,21,13,0,0,0,0,0,0,0,0,0,0,0,0,0,0,0,0,0,0,0,0,strafe_right
0,0,0,0,0,0,0,0,0,0,0,0,0,0,0,0,0,0,0,0,0,0,0,0,0,0,0,0,0,0,0,0,0,0,0,0,0,0,0,0,0,0,20,21,35,0,0,0,0,0,0,0,0,0,0,0,0,0,0,0,0,0,0,11,0,0,0,0,0,0,0,0,0,0,0,0,0,0,0,0,0,0,0,0,0,0,0,0,0,0,0,0,0,0,0,0,strafe_right
0,0,0,0,0,0,0,0,0,0,0,0,0,0,0,0,0,0,0,0,0,0,0,0,0,0,0,0,0,0,0,0,0,0,0,0,0,0,0,0,0,0,19,24,48,0,0,0,0,15,45,55,14,54,43,37,35,0,0,0,0,0,0,17,0,0,0,0,0,0,0,0,0,0,22,9,0,0,0,0,0,0,0,0,0,0,0,0,0,0,0,0,0,0,0,0,strafe_right
0,0,0,0,0,0,0,0,0,0,0,0,0,0,0,0,0,0,0,0,0,0,0,0,4,0,0,0,0,0,0,0,0,0,0,0,0,0,0,0,0,0,0,0,5,0,0,0,7,6,36,47,21,61,53,44,42,0,0,0,0,0,0,14,0,0,0,0,0,0,0,0,0,0,7,5,0,0,0,0,0,0,0,0,0,0,0,0,0,0,0,0,0,0,0,0,strafe_right
0,0,0,0,0,0,0,0,0,0,0,0,0,0,0,0,0,0,0,0,0,0,0,0,0,0,0,0,0,0,0,0,0,0,0,0,0,0,0,0,0,0,0,0,0,0,0,0,0,21,52,61,37,65,48,38,33,0,0,0,0,0,13,31,0,0,0,0,0,0,0,0,0,0,32,20,0,0,0,0,0,0,0,0,0,0,0,0,0,0,0,0,0,0,0,0,strafe_right
0,0,0,0,0,0,0,0,0,0,0,0,0,0,0,0,0,0,0,0,0,0,0,0,9,0,0,0,0,0,0,0,0,0,0,0,0,0,0,0,0,0,5,0,12,0,0,0,8,0,30,35,12,49,39,34,32,0,0,0,0,0,0,17,0,0,0,0,0,0,0,0,0,0,12,10,0,0,0,0,0,0,0,0,0,0,0,0,0,0,0,0,0,0,0,0,strafe_right
0,0,0,0,0,0,0,0,0,0,14,0,0,0,0,0,0,0,0,0,0,0,0,0,0,0,0,0,0,0,0,0,0,0,0,0,0,0,0,0,0,0,12,7,27,0,0,0,22,0,0,15,0,48,49,44,49,0,0,0,0,0,0,0,0,0,0,0,0,0,0,0,0,0,0,0,0,0,0,0,0,0,0,0,0,0,0,0,0,0,0,0,0,0,0,0,strafe_right
0,0,0,0,0,0,0,0,0,0,11,0,0,0,0,0,0,0,0,0,0,0,0,0,0,0,0,0,0,0,0,0,0,0,0,0,0,0,0,0,0,0,12,6,23,0,0,0,0,0,0,0,0,0,0,0,0,0,0,0,0,0,0,5,0,0,0,0,0,0,0,0,0,0,0,0,0,0,0,0,0,0,0,0,0,0,0,0,0,0,0,0,0,0,0,0,strafe_right
0,0,0,0,0,0,0,0,0,0,15,0,0,0,0,0,0,0,0,0,0,0,0,0,0,0,0,0,0,0,0,0,0,0,0,0,0,0,0,0,0,0,11,7,28,0,0,0,0,0,0,0,0,0,0,0,0,0,0,0,0,0,0,3,0,0,0,0,0,0,0,0,0,0,0,0,0,0,0,0,0,0,0,0,0,0,0,0,0,0,0,0,0,0,0,0,strafe_right
0,0,0,0,0,0,0,0,0,0,0,0,0,0,0,0,0,0,0,0,0,0,0,0,6,0,0,0,0,0,0,0,0,0,0,0,0,0,0,0,0,0,0,0,0,0,0,0,0,5,43,51,26,56,43,35,34,0,0,0,0,0,6,28,0,0,0,0,0,0,0,0,0,0,21,14,0,0,0,0,0,0,0,0,0,0,0,0,0,0,0,0,0,0,0,0,strafe_right
13,0,0,0,0,0,0,0,0,0,0,0,0,0,0,0,0,0,0,0,0,0,0,0,0,0,0,0,0,0,0,0,0,0,0,0,0,0,0,0,0,0,0,0,0,0,0,0,4,0,0,0,0,0,0,0,0,0,0,0,3,0,0,0,0,0,0,0,0,0,0,0,0,0,0,0,0,0,0,0,0,0,0,0,0,0,0,0,0,0,0,0,6,0,0,0,none
0,0,0,0,0,0,0,0,0,0,0,0,0,0,0,0,0,0,0,0,0,0,0,0,0,0,0,0,0,0,0,0,0,0,0,0,0,0,0,0,0,0,0,0,0,0,0,0,8,0,0,0,0,0,0,0,8,0,0,0,3,0,0,0,0,0,0,0,0,0,0,0,0,0,0,0,0,0,0,0,3,0,0,0,0,0,0,0,0,0,0,7,13,0,0,0,none
0,0,0,0,0,0,8,10,0,0,0,0,0,0,0,0,0,0,0,0,0,0,0,0,0,0,0,0,0,0,0,0,0,0,0,0,0,0,0,0,0,0,0,3,0,0,0,0,0,0,0,0,0,0,0,0,11,0,0,0,0,0,0,0,0,0,0,0,0,0,0,0,0,0,0,0,0,0,0,0,7,0,0,0,0,0,0,0,0,0,0,8,23,0,0,0,none
0,0,0,0,0,0,10,14,0,0,0,0,0,0,0,0,0,0,0,0,0,0,0,0,0,0,0,0,0,0,0,0,0,0,0,0,0,0,0,0,0,0,0,15,0,0,0,0,0,0,0,0,0,0,0,8,17,0,0,0,0,0,0,0,0,0,0,0,4,0,0,0,0,0,0,0,0,0,0,0,8,0,0,0,0,0,0,0,0,0,0,7,21,0,0,0,none
4,0,0,0,0,0,0,0,0,0,0,0,0,0,0,0,0,0,0,0,0,0,0,0,13,0,0,0,0,0,0,0,0,0,0,0,0,0,0,0,0,0,0,0,0,0,0,0,9,0,0,11,0,0,0,0,11,0,0,0,9,0,0,0,0,0,0,0,0,0,0,0,0,0,0,7,0,0,0,0,4,0,0,0,0,0,0,0,0,0,0,5,20,0,0,0,none
0,0,0,0,0,0,0,10,0,0,0,0,0,0,0,0,0,0,0,0,0,0,0,0,0,0,0,0,0,0,0,14,22,0,0,0,0,0,0,0,0,0,0,44,23,0,0,0,0,0,0,0,0,0,0,7,25,0,0,0,0,0,0,0,0,0,0,0,22,0,0,0,0,0,0,0,0,0,0,0,32,0,0,0,0,0,0,0,0,0,0,21,38,0,0,0,forward
0,0,0,0,0,0,19,31,17,0,14,0,0,0,0,0,0,0,0,0,0,0,0,0,0,0,0,0,0,0,0,3,5,0,20,0,0,0,0,0,0,0,0,9,0,0,0,0,0,0,0,0,0,0,0,0,20,0,0,0,0,0,0,0,0,0,0,0,16,0,0,0,0,0,0,0,0,0,0,0,30,0,0,0,0,0,0,0,0,0,0,31,39,0,0,0,forward
0,0,0,0,0,0,7,27,17,0,9,0,0,0,0,0,0,0,0,0,0,0,0,0,0,0,0,0,0,0,0,10,16,0,30,0,0,0,0,0,0,0,0,35,0,0,0,0,0,0,0,0,0,0,0,0,18,0,0,0,0,0,0,0,0,0,0,0,3,0,0,0,0,0,0,0,0,0,0,0,24,0,0,0,0,0,0,0,0,0,0,18,32,0,0,0,forward
0,0,0,0,0,0,5,0,0,57,75,0,0,0,0,0,0,0,0,0,0,0,38,0,0,0,0,0,0,0,0,0,0,0,44,0,0,0,0,0,0,0,0,27,0,0,0,0,0,0,0,0,0,0,0,0,7,0,0,0,0,0,0,0,0,0,0,0,0,0,0,0,0,0,0,0,0,0,0,0,11,0,0,0,0,0,0,0,0,0,0,0,17,0,0,0,forward
0,0,0,0,0,0,0,0,0,42,32,0,0,0,0,0,0,0,0,0,0,0,0,0,0,0,0,0,0,0,0,29,43,0,0,0,0,0,0,0,0,0,13,112,63,0,0,0,0,0,0,0,0,0,0,0,21,0,0,0,0,0,0,0,0,0,0,0,3,0,0,0,0,0,0,10,0,0,0,0,27,0,0,0,0,0,0,0,0,0,0,28,36,0,0,0,forward
0,0,0,0,0,0,0,0,0,29,0,0,0,0,0,0,0,0,0,0,0,0,0,0,0,0,0,0,0,0,0,21,35,0,5,0,0,0,0,0,0,0,9,67,38,0,0,0,0,0,0,0,0,0,0,0,26,0,0,0,0,0,0,0,0,0,0,0,0,0,0,0,0,0,3,7,0,0,0,0,10,0,0,0,0,0,0,0,0,0,0,0,16,0,0,0,forward
0,0,0,0,0,0,0,0,9,3,0,0,0,0,0,0,0,0,0,0,24,0,0,0,0,0,0,0,0,0,0,48,70,0,0,0,0,0,0,0,0,0,0,154,85,0,0,0,0,0,0,0,0,0,0,23,54,0,0,0,0,0,0,0,0,0,0,0,42,0,0,0,0,0,0,0,0,0,0,18,53,4,0,0,0,0,0,0,0,0,0,69,84,0,0,0,forward
0,0,0,0,0,0,0,17,24,0,0,0,0,0,0,0,0,0,0,16,32,0,0,0,0,0,0,0,0,0,0,66,81,0,0,0,0,0,0,0,0,0,0,150,81,0,0,0,0,0,0,0,0,0,0,12,48,0,0,0,0,0,0,0,0,0,0,0,32,0,0,0,0,0,0,0,0,0,0,9,44,0,0,0,0,0,0,0,0,0,0,53,56,0,0,0,forward
0,0,0,0,0,0,0,28,29,0,0,0,0,0,0,0,0,0,0,27,44,0,0,0,0,0,0,0,0,0,0,54,76,0,0,0,0,0,0,0,0,0,0,95,69,0,0,0,0,0,0,0,0,0,0,25,58,0,0,0,0,0,0,0,0,0,0,0,46,0,0,0,0,0,0,0,0,0,0,31,63,5,0,0,0,0,0,0,0,0,0,78,80,0,0,0,forward
0,0,0,0,0,0,0,0,0,8,38,0,0,0,0,0,0,0,0,0,0,0,0,0,0,0,0,0,0,0,0,0,13,0,39,0,0,0,0,0,0,0,0,31,25,0,0,0,0,0,0,0,0,0,0,0,30,0,0,0,0,0,0,0,0,0,0,0,0,0,0,0,0,0,0,0,0,0,0,0,15,0,0,0,0,0,0,0,0,0,0,3,25,0,0,0,forward
0,0,0,0,0,0,0,0,0,14,46,0,0,0,0,0,0,0,0,0,0,0,0,0,0,0,0,0,0,0,0,21,41,0,20,0,0,0,0,0,0,0,0,53,49,0,0,0,0,0,0,0,0,0,0,0,35,0,0,0,0,0,0,0,0,0,0,0,4,0,0,0,0,0,0,0,0,0,0,0,18,0,0,0,0,0,0,0,0,0,0,8,35,0,0,0,forward
0,0,0,0,0,0,0,0,7,15,16,0,0,0,0,0,0,0,0,0,11,0,0,0,0,0,0,0,0,0,0,26,53,0,0,0,0,0,0,0,0,0,0,70,71,0,0,0,0,0,0,0,0,0,0,28,64,0,0,0,0,0,0,0,0,0,0,0,46,0,0,0,0,0,0,0,0,0,0,13,58,0,0,0,0,0,0,0,0,0,0,87,96,0,0,0,forward
0,0,0,0,0,0,0,10,16,10,0,0,0,0,0,0,0,0,0,10,29,0,0,0,0,0,0,0,0,0,0,43,67,0,0,0,0,0,0,0,0,0,0,105,78,0,0,0,0,0,0,0,0,0,0,30,68,0,0,0,0,0,0,0,0,0,0,0,45,6,0,0,0,0,0,0,0,0,0,13,55,8,0,0,0,0,0,0,0,0,0,77,90,0,0,0,forward
0,0,0,0,0,0,0,21,26,0,0,0,0,0,0,0,0,0,0,16,34,0,0,0,0,0,0,0,0,0,0,53,74,0,0,0,0,0,0,0,0,0,0,124,79,0,0,0,0,0,0,0,0,0,0,31,68,0,0,0,0,0,0,0,0,0,0,0,46,6,0,0,0,0,0,0,0,0,0,15,57,7,0,0,0,0,0,0,0,0,0,71,88,0,0,0,forward
34,38,40,0,0,0,0,0,0,0,0,0,31,0,0,0,0,0,0,0,0,0,0,0,34,0,8,0,0,0,0,0,0,0,0,0,0,0,0,0,0,0,0,0,0,0,0,0,22,38,56,42,0,0,0,0,0,0,0,0,0,4,37,51,0,0,0,0,5,0,0,0,0,0,29,28,0,0,0,0,8,0,0,0,0,0,0,0,0,0,0,7,10,0,0,0,backward
11,52,42,0,0,0,0,0,0,46,28,0,17,0,36,4,0,0,0,0,0,0,0,0,77,4,29,0,0,0,0,0,0,0,15,0,58,75,51,0,0,0,0,0,0,0,0,0,29,31,45,20,0,0,0,0,0,0,0,0,0,0,34,40,0,0,0,0,0,0,0,0,0,0,38,30,0,0,0,0,14,0,0,0,0,0,0,0,0,0,0,19,21,0,0,0,backward
0,48,44,0,0,0,0,0,0,0,0,0,0,0,40,0,0,0,0,0,0,0,0,0,84,7,30,0,0,0,0,0,0,0,0,0,53,83,53,0,0,0,0,0,0,0,0,0,25,35,51,33,0,0,0,0,0,0,0,0,0,0,33,38,0,0,0,0,3,0,0,0,0,0,38,31,0,0,0,0,18,0,0,0,0,0,0,0,0,0,0,27,18,0,0,0,backward
0,21,17,0,0,0,0,0,0,0,0,0,0,0,27,0,0,0,0,0,0,0,0,0,97,6,26,0,0,0,0,0,0,0,0,0,65,78,53,0,0,0,0,0,0,0,0,0,34,38,57,29,0,0,0,0,0,0,0,0,0,3,38,46,0,0,0,0,5,0,0,0,0,0,37,30,0,0,0,0,13,0,0,0,0,0,0,0,0,0,0,17,0,0,0,0,backward
0,22,13,0,0,0,0,0,0,0,0,0,6,0,18,0,0,0,0,0,0,0,0,0,97,3,20,0,0,0,0,0,0,0,0,0,31,52,33,0,0,0,0,3,0,0,0,0,30,47,56,24,0,0,0,0,4,0,0,0,0,4,44,47,0,0,0,0,12,0,0,0,0,0,44,40,0,0,0,0,21,0,0,0,0,0,0,0,0,0,0,35,6,0,0,0,backward
27,52,52,0,0,0,0,0,0,0,0,0,9,0,30,0,0,0,0,0,0,0,0,0,66,0,25,0,0,0,0,0,0,0,0,0,13,53,31,0,0,0,0,0,0,0,0,0,20,45,50,3,0,0,0,0,0,0,0,0,0,10,32,33,0,0,0,0,0,0,0,0,0,4,47,31,0,0,0,0,10,0,0,0,0,0,0,0,0,0,0,0,15,0,0,0,backward
36,64,58,0,0,0,0,0,0,0,0,0,14,0,31,0,0,0,0,0,0,0,0,0,56,0,22,0,0,0,0,0,0,0,0,0,4,44,25,0,0,0,0,0,0,0,0,0,0,7,8,0,0,0,0,0,0,0,0,0,0,0,24,0,0,0,0,0,0,0,0,0,0,3,34,29,0,0,0,0,24,0,0,0,0,0,0,21,0,0,0,19,38,0,0,0,backward
0,29,12,0,0,0,0,0,0,0,0,0,22,0,30,0,0,0,0,0,0,0,0,0,94,0,21,0,0,0,0,0,0,0,0,0,75,68,40,0,0,0,0,0,0,0,0,0,0,13,14,0,0,0,0,0,0,0,0,0,0,5,31,12,0,0,0,0,0,0,0,0,0,10,45,37,0,0,0,0,31,0,0,0,0,0,0,25,0,0,0,24,38,0,0,0,backward
0,4,0,0,0,0,0,0,0,0,0,0,6,0,20,0,0,0,0,0,0,0,0,0,98,7,17,0,0,0,0,0,0,0,0,0,80,78,42,0,0,0,0,0,0,0,0,0,0,28,25,0,0,0,0,0,0,0,0,0,0,7,42,32,0,0,0,0,0,0,0,0,0,17,62,50,0,0,0,0,18,0,0,0,0,0,0,8,0,0,0,0,7,0,0,0,backward
0,0,0,0,0,0,0,0,0,0,0,0,6,0,11,0,0,0,0,0,0,0,0,0,96,6,17,0,0,0,0,0,0,0,0,0,68,64,43,0,0,0,0,0,0,0,0,0,12,35,35,0,0,0,0,0,0,0,0,0,0,13,46,42,0,0,0,0,0,0,0,0,0,20,62,55,0,0,0,0,16,0,0,0,0,0,0,0,0,0,0,0,0,0,0,0,backward
0,4,0,0,0,0,0,0,0,0,0,0,15,0,8,0,0,0,0,0,0,0,0,0,105,7,15,0,0,0,0,0,0,0,0,0,67,59,37,0,0,0,0,0,0,0,0,0,34,38,36,3,0,0,0,0,0,0,0,0,0,12,40,42,0,0,0,0,0,0,0,0,0,6,53,47,0,0,0,0,8,0,0,0,0,0,0,0,0,0,0,0,0,0,0,0,backward
66,71,45,0,0,0,0,0,0,0,0,0,35,0,31,3,0,0,0,0,0,0,4,0,38,0,29,0,0,0,0,0,0,0,0,0,0,37,25,0,0,0,0,0,0,0,0,0,47,50,39,0,0,0,0,0,0,0,0,0,0,12,36,25,0,0,0,0,0,0,0,0,0,3,60,46,0,0,0,0,9,0,0,0,0,0,0,0,0,0,0,0,0,0,0,0,backward
8,43,33,0,0,0,0,0,0,0,0,0,13,0,25,0,0,0,0,0,0,0,0,0,90,6,23,0,0,0,0,0,0,0,0,0,4,34,25,0,0,0,0,0,0,0,0,0,4,41,49,11,0,0,0,0,0,0,0,0,0,18,40,40,0,0,0,0,0,0,0,0,0,5,62,47,0,0,0,0,21,0,0,0,0,0,0,8,0,0,0,19,18,0,0,0,backward
6,35,19,0,0,0,0,0,0,0,0,0,13,0,21,0,0,0,0,0,0,0,0,0,85,0,20,0,0,0,0,0,0,0,0,0,6,23,21,0,0,0,0,0,0,0,0,0,15,48,46,3,0,0,0,0,0,0,0,0,0,15,46,44,0,0,0,0,6,0,0,0,0,0,59,52,0,0,0,0,23,0,0,0,0,0,0,0,0,0,0,13,0,0,0,0,backward
46,59,34,0,0,0,0,0,0,0,0,0,22,0,25,0,0,0,0,0,0,0,0,0,76,0,24,0,0,0,0,0,0,0,0,0,0,26,19,0,0,0,0,0,0,0,0,0,22,44,43,7,0,0,0,0,0,0,0,0,0,12,41,42,0,0,0,0,6,0,0,0,0,0,52,49,0,0,0,0,22,0,0,0,0,0,0,0,0,0,0,16,0,0,0,0,backward
45,67,48,0,0,0,0,0,0,0,0,0,33,0,32,3,0,0,0,0,0,0,0,0,73,0,34,0,0,0,0,0,0,0,0,0,0,29,26,0,0,0,0,0,0,0,0,0,28,52,45,22,0,0,0,0,0,0,0,0,0,22,40,44,0,0,0,0,4,0,0,0,0,0,48,44,0,0,0,0,20,0,0,0,0,0,0,0,0,0,0,12,0,0,0,0,backward
0,38,34,0,0,0,0,0,0,0,0,0,0,0,19,0,0,0,0,0,0,0,0,0,76,0,24,0,0,0,0,0,0,0,0,0,9,37,31,0,0,0,0,0,0,0,0,0,12,29,38,13,0,0,0,0,0,0,0,0,0,15,32,39,0,0,0,0,0,0,0,0,0,0,48,45,0,0,0,0,21,0,0,0,0,0,0,0,0,0,0,7,4,0,0,0,backward
0,28,33,0,0,0,0,0,0,0,0,0,4,0,20,0,0,0,0,0,0,0,0,0,86,0,18,0,0,0,0,0,0,0,0,0,30,49,37,0,0,0,0,0,0,0,0,0,18,38,47,16,0,0,0,0,0,0,0,0,0,20,37,42,0,0,0,0,0,0,0,0,0,0,54,43,0,0,0,0,16,0,0,0,0,0,0,0,0,0,0,6,0,0,0,0,backward
7,42,40,0,0,0,0,0,0,0,0,0,5,0,25,0,0,0,0,0,0,0,0,0,76,3,19,0,0,0,0,0,0,0,0,0,0,11,18,0,0,0,0,0,0,0,0,0,20,50,50,8,0,0,0,0,0,0,0,0,0,22,46,47,0,0,0,0,5,0,0,0,0,4,58,55,0,0,0,0,19,0,0,0,0,0,0,0,0,0,0,15,0,0,0,0,backward
69,82,60,16,0,0,0,0,0,0,0,0,36,0,26,10,0,0,0,0,0,0,0,0,45,0,20,0,0,0,0,0,0,0,0,0,0,3,0,0,0,0,0,0,0,0,0,0,21,45,39,0,0,0,0,0,0,0,0,0,0,14,41,21,0,0,0,0,0,0,0,0,0,11,53,50,0,0,0,0,26,0,0,0,0,0,0,0,0,0,0,25,9,0,0,0,backward
64,82,64,0,0,0,0,0,0,0,0,0,19,0,25,4,0,0,0,0,0,0,0,0,52,0,24,0,0,0,0,0,0,0,0,0,0,19,8,0,0,0,0,0,0,0,0,0,6,36,35,0,0,0,0,0,0,0,0,0,0,16,36,32,0,0,0,0,0,0,0,0,0,3,47,43,0,0,0,0,20,0,0,0,0,0,0,10,0,0,0,8,3,0,0,0,backward
9,47,37,0,0,0,0,0,0,0,0,0,14,0,17,0,0,0,0,0,0,0,0,0,61,0,20,0,0,0,0,0,0,0,0,0,0,44,27,0,0,0,0,0,0,0,0,0,5,37,44,8,0,0,0,0,0,0,0,0,0,20,35,32,0,0,0,0,0,0,0,0,0,6,43,41,0,0,0,0,15,0,0,0,0,0,0,12,0,0,0,0,8,0,0,0,backward
4,40,35,0,0,0,0,0,0,0,0,0,10,0,19,0,0,0,0,0,0,0,0,0,73,0,21,0,0,0,0,0,0,0,0,0,8,45,29,0,0,0,0,0,0,0,0,0,6,20,27,0,0,0,0,0,0,0,0,0,0,16,31,33,0,0,0,0,0,0,0,0,0,0,44,39,0,0,0,0,10,0,0,0,0,0,0,13,0,0,0,0,11,0,0,0,backward
4,13,0,0,0,0,0,0,0,0,0,0,22,0,7,0,0,0,0,0,0,0,0,0,70,0,18,0,0,0,0,0,0,0,0,0,0,7,14,0,0,0,0,0,0,0,0,0,12,48,43,3,0,0,0,0,0,0,0,0,0,21,47,47,0,0,0,0,0,0,0,0,0,7,57,54,0,0,0,0,15,0,0,0,0,0,0,0,0,0,0,0,0,0,0,0,backward
21,42,35,0,0,0,0,0,0,0,0,0,20,0,11,0,0,0,0,0,0,0,0,0,77,0,19,0,0,0,0,0,0,0,0,0,0,23,18,0,0,0,0,0,0,0,0,0,32,57,50,14,0,0,0,0,0,0,0,0,0,22,47,47,0,0,0,0,0,0,0,0,0,5,56,45,0,0,0,0,14,0,0,0,0,0,0,0,0,0,0,0,0,0,0,0,backward
0,0,0,0,0,0,0,0,0,0,0,0,0,0,0,0,0,0,0,0,0,0,0,0,0,0,5,0,0,0,0,0,0,0,0,0,0,0,0,0,0,0,0,0,0,0,0,0,0,0,0,0,0,0,0,0,0,0,0,0,0,0,3,0,0,0,0,0,0,0,0,0,0,0,16,14,0,0,0,0,7,0,0,0,0,0,0,18,0,0,0,0,23,0,0,0,strafe_left
0,0,0,0,0,0,0,0,0,0,0,0,9,0,0,0,0,0,0,0,0,0,0,0,0,0,7,0,0,0,0,0,0,0,0,0,0,0,0,0,0,0,0,0,0,0,0,0,0,0,0,0,0,0,0,0,0,0,0,0,0,0,8,3,0,0,0,0,0,0,0,0,0,0,19,19,0,0,0,0,8,0,0,0,0,0,0,18,0,0,0,0,31,0,0,0,strafe_left
0,0,0,0,0,0,0,0,0,0,0,0,13,0,0,0,0,0,0,0,0,0,0,0,0,0,4,0,0,0,0,0,0,0,0,0,0,0,0,0,0,0,0,0,0,0,0,0,0,0,0,0,0,0,0,0,0,0,0,0,0,0,4,0,0,0,0,0,0,0,0,0,0,0,15,6,0,0,0,0,12,0,0,0,0,0,0,6,0,0,0,0,30,0,0,0,strafe_left
45,0,0,0,20,42,62,60,16,0,0,0,0,0,0,0,0,0,0,0,0,0,0,0,0,0,0,0,0,0,0,0,0,0,0,0,0,0,0,0,0,0,0,0,0,0,0,0,0,0,0,0,0,0,0,0,0,0,0,0,0,0,5,0,0,0,0,0,0,0,0,0,0,0,20,4,0,0,0,0,15,0,0,0,0,0,0,0,0,0,0,0,31,0,0,0,strafe_left
40,0,0,0,26,43,58,54,16,0,0,0,0,0,0,0,0,0,0,0,0,0,0,0,0,0,0,0,0,0,0,0,0,0,0,0,0,0,0,0,0,0,0,0,0,0,0,0,0,0,0,0,0,0,0,0,0,0,0,0,0,0,3,0,0,0,0,0,0,0,0,0,0,0,16,0,0,0,0,0,14,0,0,0,0,0,0,0,0,0,0,0,27,0,0,0,strafe_left
0,0,0,0,0,0,0,0,0,0,0,0,0,0,0,0,0,0,0,0,0,0,0,0,0,0,0,0,0,0,0,0,0,0,0,0,0,0,0,0,0,0,0,0,0,0,0,0,0,0,0,0,0,0,0,0,0,0,0,0,0,0,0,0,0,0,0,0,0,0,0,0,0,0,14,0,0,0,0,0,14,0,0,0,0,0,0,0,0,0,0,0,29,0,0,0,strafe_left
44,0,0,0,15,44,63,59,16,0,0,0,0,0,0,0,0,0,0,0,0,0,0,0,0,0,0,0,0,0,0,0,0,0,0,0,0,0,0,0,0,0,0,0,0,0,0,0,0,0,0,0,0,0,0,0,0,0,0,0,0,0,0,0,0,0,0,0,0,0,0,0,0,0,10,0,0,0,0,0,13,0,0,0,0,0,0,0,0,0,0,0,33,0,0,0,strafe_left
35,0,0,0,0,37,65,69,30,0,0,0,0,0,0,0,0,0,0,0,0,0,0,0,0,0,0,0,0,0,0,0,0,0,0,0,0,0,0,0,0,0,0,0,0,0,0,0,0,0,0,0,0,0,0,0,0,0,0,0,0,0,0,0,0,0,0,0,0,0,0,0,0,0,11,0,0,0,0,0,14,0,0,0,0,0,0,0,0,0,0,0,33,0,0,0,strafe_left
33,0,0,0,0,33,63,68,32,0,0,0,0,0,0,0,0,0,0,0,0,0,0,0,0,0,0,0,0,0,0,0,0,0,0,0,0,0,0,0,0,0,0,0,0,0,0,0,0,0,0,0,0,0,0,0,0,0,0,0,0,0,0,0,0,0,0,0,0,0,0,0,0,0,8,0,0,0,0,0,16,0,0,0,0,0,0,6,0,0,0,3,33,0,0,0,strafe_left
11,0,0,0,0,26,64,85,53,0,0,0,0,0,0,0,0,0,0,0,0,0,0,0,0,0,0,0,0,0,0,0,0,0,0,0,0,0,0,0,0,0,0,0,0,0,0,0,0,0,0,0,0,0,0,0,0,0,0,0,0,0,0,0,0,0,0,0,5,0,0,0,0,0,0,0,0,0,0,0,39,0,0,0,0,0,0,0,0,0,0,11,50,0,0,0,strafe_left
58,5,13,0,0,0,9,28,25,0,0,0,0,0,0,0,0,0,0,0,0,0,0,0,0,0,0,0,0,0,0,0,0,0,0,0,0,0,0,0,0,0,0,0,0,0,0,0,0,0,0,0,0,0,0,0,0,0,0,0,0,0,11,13,0,0,0,0,0,0,0,0,0,0,12,21,0,0,0,0,13,0,0,0,0,0,0,10,0,0,0,0,23,0,0,0,strafe_left
49,6,11,0,0,0,15,35,32,0,0,0,0,0,0,0,0,0,0,0,0,0,0,0,0,0,0,0,0,0,0,0,0,0,0,0,0,0,0,0,0,0,0,0,0,0,0,0,0,0,0,0,0,0,0,0,0,0,0,0,0,0,13,10,0,0,0,0,0,0,0,0,0,0,11,22,0,0,0,0,15,0,0,0,0,0,0,16,0,0,0,0,32,0,0,0,strafe_left
40,0,8,0,0,0,12,39,34,0,0,0,0,0,0,0,0,0,0,0,0,0,0,0,0,0,0,0,0,0,0,0,0,0,0,0,0,0,0,0,0,0,0,0,0,0,0,0,0,0,0,0,0,0,0,0,0,0,0,0,0,0,11,8,0,0,0,0,0,0,0,0,0,0,11,21,0,0,0,0,14,0,0,0,0,0,0,26,0,0,0,10,42,0,0,0,strafe_left
41,0,6,0,0,0,17,36,32,0,0,0,0,0,0,0,0,0,0,0,0,0,0,0,0,0,0,0,0,0,0,0,0,0,0,0,0,0,0,0,0,0,0,0,0,0,0,0,0,0,0,0,0,0,0,0,0,0,0,0,0,0,13,15,0,0,0,0,0,0,0,0,0,0,15,24,0,0,0,0,9,0,0,0,0,0,0,25,0,0,0,0,27,0,0,0,strafe_left
40,0,11,0,0,0,15,35,29,0,0,0,0,0,0,0,0,0,0,0,0,0,0,0,0,0,0,0,0,0,0,0,0,0,0,0,0,0,0,0,0,0,0,0,0,0,0,0,0,0,0,0,0,0,0,0,0,0,0,0,0,0,13,11,0,0,0,0,0,0,0,0,0,0,19,23,0,0,0,0,11,0,0,0,0,0,0,25,0,0,0,7,40,0,0,0,strafe_left
22,0,0,0,0,0,17,45,50,0,0,0,0,0,0,0,0,0,0,0,0,0,0,0,0,0,0,0,0,0,0,0,3,0,0,0,0,0,0,0,0,0,0,0,0,0,0,0,0,0,0,0,0,0,0,0,0,0,0,0,0,0,9,5,0,0,0,0,0,0,0,0,0,0,3,20,0,0,0,0,13,0,0,0,0,0,0,21,0,0,0,4,36,0,0,0,strafe_left
0,0,0,0,0,0,0,0,0,0,0,0,0,0,0,0,0,0,0,0,0,0,0,0,12,0,0,0,0,0,0,0,0,0,0,0,0,0,0,0,0,0,10,44,0,0,0,0,0,0,24,0,0,0,0,0,9,0,0,0,0,0,0,0,0,0,0,0,0,0,0,0,0,0,0,0,0,0,0,12,61,0,0,0,0,0,0,0,0,0,0,11,3,0,0,0,strafe_right
0,0,0,0,0,0,0,0,0,0,0,0,0,0,0,0,0,0,0,0,0,0,0,0,36,0,0,0,0,0,0,0,0,0,0,0,22,0,20,0,0,0,0,27,0,0,0,0,0,0,21,0,0,0,0,0,12,0,0,0,0,0,0,0,0,0,0,0,4,0,0,0,0,0,0,0,0,0,0,22,66,0,0,0,0,0,0,0,0,0,0,13,0,0,0,0,strafe_right
0,0,0,0,0,0,0,0,0,0,0,0,0,0,0,0,0,0,0,0,0,0,0,0,19,0,0,0,0,0,0,0,0,0,0,0,7,0,4,0,0,0,3,36,4,0,0,0,0,0,9,0,0,0,0,0,5,0,0,0,0,0,0,0,0,0,0,0,0,0,0,0,0,0,0,0,0,0,0,21,76,0,0,0,0,0,0,0,0,0,0,4,0,0,0,0,strafe_right
0,0,0,0,0,0,0,0,0,0,0,0,0,0,0,0,0,0,0,0,0,0,0,0,21,0,0,0,0,0,0,0,0,0,0,0,24,0,18,0,0,0,10,45,0,0,0,0,15,0,9,22,0,7,16,5,16,0,0,0,0,0,6,0,0,0,0,0,0,0,0,0,0,0,0,0,0,0,0,0,0,0,0,0,0,0,0,0,0,0,0,0,0,0,0,0,strafe_right
0,0,0,0,0,0,0,0,0,0,0,0,0,0,0,0,0,0,0,0,0,0,0,0,35,0,0,0,0,0,0,0,0,0,0,0,17,0,15,0,0,0,6,42,0,0,0,0,18,0,13,24,0,8,14,0,13,0,0,0,0,0,9,0,0,0,0,0,0,0,0,0,0,0,0,0,0,0,0,0,0,0,0,0,0,0,0,0,0,0,0,0,0,0,0,0,strafe_right
0,0,0,0,0,0,0,0,0,0,0,0,0,0,0,0,0,0,0,0,0,0,0,0,4,0,0,0,0,0,0,0,0,0,0,0,0,0,0,0,0,0,24,37,18,0,0,0,21,0,11,19,0,15,17,6,18,0,0,0,0,0,0,0,0,0,0,0,0,0,0,0,0,0,0,0,0,0,0,0,0,0,0,0,0,0,0,0,0,0,0,0,0,0,0,0,strafe_right
0,0,0,0,0,0,0,0,0,0,0,0,0,0,0,0,0,0,0,0,0,0,0,0,0,0,0,0,0,0,0,0,0,0,0,0,0,0,0,0,0,0,21,30,24,0,0,0,18,0,5,14,0,14,21,13,24,0,0,0,0,0,0,0,0,0,0,0,0,0,0,0,0,0,0,0,0,0,0,0,4,0,0,0,0,0,0,0,0,0,0,0,0,0,0,0,strafe_right
0,0,0,0,0,0,0,0,0,0,0,0,0,0,0,0,0,0,0,0,0,0,0,0,0,0,0,0,0,0,0,0,0,0,5,0,0,0,0,0,0,0,25,38,34,0,0,0,21,0,0,0,0,12,30,25,37,0,0,0,0,0,0,0,0,0,0,0,0,0,0,0,0,0,0,0,0,0,0,0,4,0,0,0,0,0,0,0,0,0,0,0,0,0,0,0,strafe_right
0,0,0,0,0,0,0,0,0,0,0,0,0,0,0,0,0,0,0,0,0,0,0,0,0,0,0,0,0,0,0,0,0,0,5,0,0,0,0,0,0,0,27,43,43,0,0,0,14,0,3,0,0,10,24,24,39,0,0,0,0,0,0,0,0,0,0,0,0,0,0,0,0,0,0,0,0,0,0,0,6,0,0,0,0,0,0,0,0,0,0,0,0,0,0,0,strafe_right
0,0,0,0,0,0,0,0,0,0,0,0,0,0,0,0,0,0,0,0,0,0,0,0,0,0,0,0,0,0,0,0,0,0,0,0,0,0,0,0,0,0,22,39,29,0,0,0,20,0,0,13,0,8,13,10,20,0,0,0,0,0,0,0,0,0,0,0,0,0,0,0,0,0,0,0,0,0,0,0,5,0,0,0,0,0,0,0,0,0,0,0,0,0,0,0,strafe_right
0,0,0,0,0,0,0,0,0,0,0,0,0,0,0,0,0,0,0,0,0,0,0,0,0,0,0,0,0,0,0,0,0,0,0,0,0,0,0,0,0,0,16,37,21,0,0,0,23,0,13,22,0,7,8,3,13,0,0,0,0,0,9,0,0,0,0,0,0,0,0,0,0,0,0,0,0,0,0,0,4,0,0,0,0,0,0,0,0,0,0,0,0,0,0,0,strafe_right
0,0,0,0,0,0,0,0,0,0,0,0,0,0,0,0,0,0,0,0,0,0,0,0,0,0,0,0,0,0,0,0,0,0,0,0,0,0,0,0,0,0,25,43,33,0,0,0,20,0,11,20,0,12,13,7,19,0,0,0,0,0,5,0,0,0,0,0,0,0,0,0,0,0,0,0,0,0,0,0,0,0,0,0,0,0,0,0,0,0,0,0,0,0,0,0,strafe_right
0,0,0,0,0,0,0,0,0,0,0,0,0,0,0,0,0,0,0,0,0,0,0,0,0,0,0,0,0,0,0,0,0,0,0,0,0,0,0,0,0,0,30,51,47,0,0,0,17,0,5,14,0,16,21,17,28,0,0,0,0,0,0,0,0,0,0,0,0,0,0,0,0,0,0,0,0,0,0,0,4,0,0,0,0,0,0,0,0,0,0,0,0,0,0,0,strafe_right
0,0,0,0,0,0,0,0,0,0,0,0,0,0,0,0,0,0,0,0,0,0,0,0,0,0,0,0,0,0,0,0,0,0,0,0,0,0,0,0,0,0,30,51,49,0,0,0,16,0,0,0,0,17,28,26,39,0,0,0,0,0,0,0,0,0,0,0,0,0,0,0,0,0,0,0,0,0,0,0,8,0,0,0,0,0,0,0,0,0,0,0,0,0,0,0,strafe_right
0,0,0,0,0,0,0,0,0,0,0,0,0,0,0,0,0,0,0,0,0,0,0,0,0,0,0,0,0,0,0,0,0,0,9,0,0,0,0,0,0,0,30,49,50,0,0,0,7,0,0,0,0,8,31,39,54,0,0,0,0,0,0,0,0,0,0,0,0,0,0,0,0,0,0,0,0,0,0,0,11,0,0,0,0,0,0,0,0,0,0,0,0,0,0,0,strafe_right
0,0,0,0,0,0,0,0,0,0,0,0,0,0,0,0,0,0,0,0,0,0,0,0,0,0,0,0,0,0,0,0,0,0,7,0,0,0,0,0,0,0,34,56,66,0,0,0,7,0,0,0,0,9,28,32,45,0,0,0,0,0,0,0,0,0,0,0,0,0,0,0,0,0,0,0,0,0,0,0,13,0,0,0,0,0,0,0,0,0,0,0,0,0,0,0,strafe_right
0,0,0,0,0,0,0,0,0,0,0,0,0,0,0,0,0,0,0,0,0,0,0,0,0,0,0,0,0,0,0,0,0,0,0,0,0,0,0,0,0,0,33,54,60,0,0,0,23,0,0,5,0,3,11,15,27,0,0,0,0,0,0,0,0,0,0,0,0,0,0,0,0,0,0,0,0,0,0,0,4,0,0,0,0,0,0,0,0,0,0,0,0,0,0,0,strafe_right
0,0,0,0,0,0,0,0,0,0,0,0,0,0,0,0,0,0,0,0,0,0,0,0,0,0,0,0,0,0,0,0,0,0,0,0,0,0,0,0,0,0,21,40,36,0,0,0,24,0,7,17,0,0,3,6,18,0,0,0,7,0,7,0,0,0,0,0,0,0,0,0,0,0,0,0,0,0,0,0,5,0,0,0,0,0,0,0,0,0,0,0,0,0,0,0,strafe_right
0,0,0,0,0,0,0,0,0,0,0,0,0,0,0,0,0,0,0,0,0,0,0,0,0,0,0,0,0,0,0,0,0,0,0,0,0,0,0,0,0,0,11,34,4,0,0,0,30,5,21,25,0,0,0,0,9,0,0,0,9,0,9,0,0,0,0,0,0,0,0,0,0,0,0,0,0,0,0,0,4,0,0,0,0,0,0,0,0,0,0,0,0,0,0,0,strafe_right
0,0,0,0,0,0,0,0,0,0,0,0,0,0,0,0,0,0,0,0,0,0,0,0,4,0,0,0,0,0,0,0,0,0,0,0,0,0,0,0,0,0,0,10,0,0,0,0,31,11,27,29,0,0,0,0,6,0,0,0,7,0,11,0,0,0,0,0,0,0,0,0,0,0,0,0,0,0,0,0,4,0,0,0,0,0,0,0,0,0,0,0,0,0,0,0,strafe_right
59,8,0,0,0,0,23,15,0,0,0,0,0,0,0,0,0,0,0,0,0,0,0,0,0,0,0,0,0,0,0,0,0,0,0,0,0,0,0,0,0,0,0,0,0,0,0,0,0,0,0,0,0,0,0,0,0,0,0,0,0,0,0,0,0,0,0,0,0,0,0,0,0,0,0,0,0,0,0,0,0,0,0,0,0,0,0,0,0,0,0,0,8,0,0,0,strafe_left
80,31,10,14,0,6,14,16,0,0,0,0,13,0,0,0,0,0,0,0,0,0,0,0,0,0,0,0,0,0,0,0,0,0,0,0,0,0,0,0,0,0,0,0,0,0,0,0,0,0,0,0,0,0,0,0,0,0,0,0,0,0,0,0,0,0,0,0,0,0,0,0,0,5,14,3,0,0,0,0,4,0,0,0,0,0,0,7,0,0,0,0,9,0,0,0,strafe_left
62,15,3,11,4,12,20,23,0,0,0,0,9,0,0,0,0,0,0,0,0,0,0,0,0,0,0,0,0,0,0,0,0,0,0,0,0,0,0,0,0,0,0,0,0,0,0,0,0,0,0,0,0,0,0,0,0,0,0,0,0,0,0,0,0,0,0,0,0,0,0,0,0,3,14,0,0,0,0,0,5,0,0,0,0,0,0,4,0,0,0,0,11,0,0,0,strafe_left
62,0,0,0,0,14,22,28,5,0,0,0,14,0,0,0,0,0,0,0,0,0,0,0,0,0,0,0,0,0,0,0,0,0,0,0,0,0,0,0,0,0,0,0,0,0,0,0,0,0,0,0,0,0,0,0,0,0,0,0,0,0,0,0,0,0,0,0,0,0,0,0,0,0,8,0,0,0,0,0,6,0,0,0,0,0,0,5,0,0,0,0,12,0,0,0,strafe_left
47,0,0,0,0,13,26,38,12,0,0,0,9,0,0,0,0,0,0,0,0,0,0,0,0,0,0,0,0,0,0,0,0,0,0,0,0,0,0,0,0,0,0,0,0,0,0,0,0,0,0,0,0,0,0,0,0,0,0,0,0,0,0,0,0,0,0,0,0,0,0,0,0,0,0,0,0,0,0,0,10,0,0,0,0,0,0,5,0,0,0,3,25,0,0,0,strafe_left
39,0,0,0,3,28,41,48,17,0,0,0,0,0,0,0,0,0,0,0,0,0,0,0,0,0,0,0,0,0,0,0,0,0,0,0,0,0,0,0,0,0,0,0,0,0,0,0,0,0,0,0,0,0,0,0,0,0,0,0,0,0,0,0,0,0,0,0,0,0,0,0,0,0,0,0,0,0,0,0,9,0,0,0,0,0,0,7,0,0,0,4,31,0,0,0,strafe_left
41,0,0,0,11,33,48,50,17,0,0,0,0,0,0,0,0,0,0,0,0,0,0,0,0,0,0,0,0,0,0,0,0,0,0,0,0,0,0,0,0,0,0,0,0,0,0,0,0,0,0,0,0,0,0,0,0,0,0,0,0,0,0,0,0,0,0,0,0,0,0,0,0,0,0,0,0,0,0,0,4,0,0,0,0,0,0,3,0,0,0,0,29,0,0,0,strafe_left
41,0,0,0,17,35,49,49,15,0,0,0,0,0,0,0,0,0,0,0,0,0,0,0,0,0,0,0,0,0,0,0,0,0,0,0,0,0,0,0,0,0,0,0,0,0,0,0,0,0,0,0,0,0,0,0,0,0,0,0,0,0,0,0,0,0,0,0,0,0,0,0,0,0,0,0,0,0,0,0,6,0,0,0,0,0,0,0,0,0,0,0,21,0,0,0,strafe_left
56,0,0,5,32,43,50,46,5,0,0,0,0,0,0,0,0,0,0,0,0,0,0,0,0,0,0,0,0,0,0,0,0,0,0,0,0,0,0,0,0,0,0,0,0,0,0,0,0,0,0,0,0,0,0,0,0,0,0,0,0,0,0,0,0,0,0,0,0,0,0,0,0,0,5,0,0,0,0,0,5,0,0,0,0,0,0,0,0,0,0,0,16,0,0,0,strafe_left
0,0,0,0,0,0,0,0,0,0,0,0,4,0,0,0,0,0,0,0,0,0,0,0,0,0,0,0,0,0,0,0,0,0,0,0,0,0,0,0,0,0,0,0,0,0,0,0,0,0,0,0,0,0,0,0,0,0,0,0,0,0,0,0,0,0,0,0,0,0,0,0,0,0,6,0,0,0,0,0,3,0,0,0,0,0,0,3,0,0,0,0,16,0,0,0,strafe_left
0,0,0,0,0,0,0,0,0,0,0,0,15,0,0,0,0,0,0,0,0,0,0,0,0,0,0,0,0,0,0,0,0,0,0,0,0,0,0,0,0,0,0,0,0,0,0,0,0,0,0,0,0,0,0,0,0,0,0,0,0,0,0,0,0,0,0,0,0,0,0,0,0,0,9,0,0,0,0,0,5,0,0,0,0,0,0,0,0,0,0,0,15,0,0,0,strafe_left
59,8,0,16,27,31,28,25,0,0,0,0,7,0,0,0,0,0,0,0,0,0,0,0,0,0,0,0,0,0,0,0,0,0,0,0,0,0,0,0,0,0,0,0,0,0,0,0,0,0,0,0,0,0,0,0,0,0,0,0,0,0,0,0,0,0,0,0,0,0,0,0,0,0,9,0,0,0,0,0,5,0,0,0,0,0,0,0,0,0,0,0,13,0,0,0,strafe_left
61,0,0,3,22,31,40,36,0,0,0,0,6,0,0,0,0,0,0,0,0,0,0,0,0,0,0,0,0,0,0,0,0,0,0,0,0,0,0,0,0,0,0,0,0,0,0,0,0,0,0,0,0,0,0,0,0,0,0,0,0,0,0,0,0,0,0,0,0,0,0,0,0,0,4,0,0,0,0,0,4,0,0,0,0,0,0,0,0,0,0,0,23,0,0,0,strafe_left
48,0,0,0,5,24,50,49,13,0,0,0,0,0,0,0,0,0,0,0,0,0,0,0,0,0,0,0,0,0,0,0,0,0,0,0,0,0,0,0,0,0,0,0,0,0,0,0,0,0,0,0,0,0,0,0,0,0,0,0,0,0,0,0,0,0,0,0,0,0,0,0,0,0,0,0,0,0,0,0,7,0,0,0,0,0,0,0,0,0,0,0,27,0,0,0,strafe_left
50,0,0,0,0,13,36,45,15,0,0,0,0,0,0,0,0,0,0,0,0,0,0,0,0,0,0,0,0,0,0,0,0,0,0,0,0,0,0,0,0,0,0,0,0,0,0,0,0,0,0,0,0,0,0,0,0,0,0,0,0,0,0,0,0,0,0,0,0,0,0,0,0,0,0,0,0,0,0,0,9,0,0,0,0,0,0,5,0,0,0,0,28,0,0,0,strafe_left
49,0,0,3,24,36,37,36,0,0,0,0,8,0,0,0,0,0,0,0,0,0,0,0,0,0,0,0,0,0,0,0,0,0,0,0,0,0,0,0,0,0,0,0,0,0,0,0,0,0,0,0,0,0,0,0,0,0,0,0,0,0,0,0,0,0,0,0,0,0,0,0,0,0,6,0,0,0,0,0,7,0,0,0,0,0,0,0,0,0,0,0,19,0,0,0,strafe_left
48,0,0,0,0,0,0,0,0,0,0,0,0,0,0,0,0,0,0,0,0,0,0,0,0,0,0,0,0,0,0,0,0,0,0,0,0,0,0,0,0,0,0,0,0,0,0,0,0,0,0,0,0,0,0,0,4,0,0,0,0,0,0,0,0,0,0,0,0,0,0,0,0,0,0,0,0,0,0,0,3,0,0,0,0,0,0,0,0,0,0,0,0,0,0,0,none
47,0,0,0,0,0,0,0,0,0,0,0,0,0,0,0,0,0,0,0,0,0,0,0,0,0,0,0,0,0,0,0,0,0,0,0,0,0,0,0,0,0,0,0,0,0,0,0,0,0,0,0,0,0,0,0,5,0,0,0,0,0,0,0,0,0,0,0,0,0,0,0,0,0,0,0,0,0,0,0,5,0,0,0,0,0,0,0,0,0,0,3,5,0,0,0,none
34,0,0,0,0,0,0,0,0,0,0,0,0,0,0,0,0,0,0,0,0,0,0,0,0,0,0,0,0,0,0,0,0,0,0,0,0,0,0,0,0,0,0,3,0,0,0,0,0,0,0,0,0,0,0,0,5,0,0,0,3,0,0,0,0,0,0,0,0,0,0,0,0,0,0,0,0,0,0,0,7,0,0,0,0,0,0,0,0,0,0,6,5,0,0,0,none
36,0,0,0,0,0,0,0,0,0,0,0,0,0,0,0,0,0,0,0,0,0,0,0,0,0,0,0,0,0,0,0,0,0,0,0,0,0,0,0,0,0,0,4,0,0,0,0,0,0,0,0,0,0,0,0,6,0,0,0,3,0,0,0,0,0,0,0,0,0,0,0,0,0,0,0,0,0,0,0,7,0,0,0,0,0,0,0,0,0,0,7,6,0,0,0,none
63,41,27,3,0,0,0,0,0,0,0,0,4,0,0,0,0,0,0,0,0,0,0,0,0,0,11,0,0,0,0,0,0,0,0,0,0,0,0,0,0,0,0,0,0,0,0,0,26,29,31,26,0,0,0,0,0,0,0,0,0,7,21,25,0,0,0,0,0,0,0,0,0,0,36,14,0,0,0,0,0,0,0,0,0,0,0,0,0,0,0,0,0,0,0,0,backward
42,44,28,0,0,0,0,0,0,0,0,0,20,0,0,0,0,0,0,0,0,0,0,0,17,0,7,0,0,0,0,0,0,0,0,0,0,0,0,0,0,0,0,0,0,0,0,0,39,43,40,35,0,0,0,0,0,0,0,0,0,16,27,30,0,0,0,0,0,0,0,0,0,0,43,12,0,0,0,0,0,0,0,0,0,0,0,0,0,0,0,0,0,0,0,0,backward
33,45,31,0,0,0,0,0,0,0,0,0,10,0,0,0,0,0,0,0,0,0,0,0,14,0,7,0,0,0,0,0,0,0,0,0,0,0,0,0,0,0,0,0,0,0,0,0,41,45,43,37,0,0,0,0,0,0,0,0,0,18,30,32,0,0,0,0,0,0,0,0,0,0,40,12,0,0,0,0,0,0,0,0,0,0,0,0,0,0,0,0,0,0,0,0,backward
44,43,26,0,0,0,0,0,0,0,0,0,4,0,0,0,0,0,0,0,0,0,0,0,14,0,8,0,0,0,0,0,0,0,0,0,0,0,0,0,0,0,0,0,0,0,0,0,38,39,42,39,0,0,0,0,0,0,0,0,0,18,29,32,0,0,0,0,0,0,0,0,0,0,35,10,0,0,0,0,0,0,0,0,0,0,0,0,0,0,0,0,0,0,0,0,backward
38,22,11,0,0,0,0,0,0,0,0,0,0,0,0,0,0,0,0,0,0,0,0,0,14,0,8,0,0,0,0,0,0,0,0,0,0,0,0,0,0,0,0,0,0,0,0,0,31,36,31,34,0,0,0,0,0,0,0,0,4,9,19,22,0,0,0,0,0,0,0,0,0,0,24,9,0,0,0,0,0,0,0,0,0,0,0,0,0,0,0,0,0,0,0,0,backward
39,35,21,0,0,0,0,0,0,0,0,0,0,0,0,0,0,0,0,0,0,0,0,0,18,0,10,0,0,0,0,0,0,0,0,0,0,0,0,0,0,0,0,0,0,0,0,0,25,43,44,41,0,0,0,0,0,0,0,0,3,13,24,29,0,0,0,0,0,0,0,0,0,0,43,18,0,0,0,0,0,0,0,0,0,0,0,0,0,0,0,0,0,0,0,0,backward
41,31,22,0,0,0,0,0,0,0,0,0,5,0,0,0,0,0,0,0,0,0,0,0,20,0,10,0,0,0,0,0,0,0,0,0,0,0,0,0,0,0,0,0,0,0,0,0,24,50,48,45,0,0,0,0,0,0,0,0,4,15,26,28,0,0,0,0,0,0,0,0,0,0,47,20,0,0,0,0,0,0,0,0,0,0,0,0,0,0,0,0,0,0,0,0,backward
36,32,23,0,0,0,0,0,0,0,0,0,4,0,0,0,0,0,0,0,0,0,0,0,24,0,8,0,0,0,0,0,0,0,0,0,0,0,0,0,0,0,0,0,0,0,0,0,30,46,49,47,0,0,0,0,0,0,0,0,5,19,27,31,0,0,0,0,0,0,0,0,0,0,46,20,0,0,0,0,0,0,0,0,0,0,0,0,0,0,0,0,0,0,0,0,backward
23,0,0,0,0,0,0,0,0,0,0,0,0,0,0,0,0,0,0,0,0,0,0,0,12,0,4,0,0,0,0,0,0,0,0,0,0,0,0,0,0,0,0,0,0,0,0,0,25,30,25,30,0,0,0,0,0,0,0,0,7,0,10,17,0,0,0,0,0,0,0,0,0,0,20,5,0,0,0,0,0,0,0,0,0,0,0,0,0,0,0,0,0,0,0,0,backward
54,17,8,0,0,0,4,0,0,0,0,0,0,0,0,0,0,0,0,0,0,0,0,0,11,0,3,0,0,0,0,0,0,0,0,0,0,0,0,0,0,0,0,0,0,0,0,0,20,15,12,16,0,0,0,0,0,0,0,0,10,0,7,16,0,0,0,0,0,0,0,0,0,0,24,11,0,0,0,0,0,0,0,0,0,0,0,0,0,0,0,0,0,0,0,0,backward
49,16,8,0,0,0,3,0,0,0,0,0,4,0,0,0,0,0,0,0,0,0,0,0,12,0,0,0,0,0,0,0,0,0,0,0,0,0,0,0,0,0,0,0,0,0,0,0,18,18,13,16,0,0,0,0,0,0,0,0,3,0,9,16,0,0,0,0,0,0,0,0,0,0,23,10,0,0,0,0,0,0,0,0,0,0,0,0,0,0,0,0,0,0,0,0,backward
50,17,8,0,0,0,0,0,0,0,0,0,0,0,0,0,0,0,0,0,0,0,0,0,10,0,0,0,0,0,0,0,0,0,0,0,0,0,0,0,0,0,0,0,0,0,0,0,13,14,13,15,0,0,0,0,0,0,0,0,8,0,8,17,0,0,0,0,0,0,0,0,0,0,27,12,0,0,0,0,0,0,0,0,0,0,0,0,0,0,0,0,0,0,0,0,backward
44,15,9,0,0,0,0,0,0,0,0,0,0,0,0,0,0,0,0,0,0,0,0,0,0,0,0,0,0,0,0,0,0,0,0,0,0,0,0,0,0,0,0,0,0,0,0,0,16,16,15,16,0,0,0,0,0,0,0,0,9,0,10,20,0,0,0,0,0,0,0,0,0,0,30,16,0,0,0,0,0,0,0,0,0,0,0,0,0,0,0,0,0,0,0,0,backward
42,57,45,23,0,0,5,0,0,0,0,0,7,0,9,9,0,0,0,0,0,0,0,0,42,0,16,0,0,0,0,0,0,0,0,0,3,10,17,0,0,0,0,0,0,0,0,0,11,40,26,23,0,0,0,0,0,0,0,0,6,13,20,25,0,0,0,0,0,0,0,0,0,4,39,24,0,0,0,0,0,0,0,0,0,0,0,0,0,0,0,0,0,0,0,0,backward
42,62,47,21,0,0,3,0,0,0,0,0,0,0,10,9,0,0,0,0,0,0,0,0,46,0,17,0,0,0,0,0,0,0,0,0,9,14,18,0,0,0,0,0,0,0,0,0,16,46,31,25,0,0,0,0,0,0,0,0,3,15,22,27,0,0,0,0,0,0,0,0,0,9,40,27,0,0,0,0,0,0,0,0,0,0,0,0,0,0,0,0,0,0,0,0,backward
66,59,46,6,0,0,0,0,0,0,0,0,11,0,17,10,0,0,0,0,0,0,0,0,52,0,20,0,0,0,0,0,0,0,0,0,6,7,8,0,0,0,0,0,0,0,0,0,19,38,34,24,0,0,0,0,0,0,0,0,0,13,26,30,0,0,0,0,0,0,0,0,0,8,48,29,0,0,0,0,0,0,0,0,0,0,0,0,0,0,0,0,0,0,0,0,backward
71,64,45,0,0,0,0,0,0,0,0,0,24,0,21,7,0,0,0,0,0,0,0,0,58,0,21,0,0,0,0,0,0,0,0,0,0,0,0,0,0,0,0,0,0,0,0,0,25,38,38,19,0,0,0,0,0,0,0,0,0,20,32,32,0,0,0,0,0,0,0,0,0,14,51,26,0,0,0,0,0,0,0,0,0,0,0,0,0,0,0,0,0,0,0,0,backward
68,75,53,8,0,0,0,0,0,0,0,0,19,0,18,7,0,0,0,0,0,0,0,0,68,0,21,0,0,0,0,0,0,0,0,0,0,0,0,0,0,0,0,0,0,0,0,0,29,41,40,24,0,0,0,0,0,0,0,0,0,22,31,32,0,0,0,0,0,0,0,0,0,11,48,27,0,0,0,0,0,0,0,0,0,0,0,0,0,0,0,0,0,0,0,0,backward
22,16,11,0,0,0,3,0,0,0,0,0,0,0,0,0,0,0,0,0,0,0,0,0,25,0,6,0,0,0,0,0,0,0,0,0,0,0,0,0,0,0,0,0,0,0,0,0,6,35,20,25,0,0,0,0,0,0,0,0,5,4,15,19,0,0,0,0,0,0,0,0,0,0,31,17,0,0,0,0,0,0,0,0,0,0,0,0,0,0,0,0,0,0,0,0,backward
23,18,11,0,0,0,4,0,0,0,0,0,0,0,0,0,0,0,0,0,0,0,0,0,26,0,6,0,0,0,0,0,0,0,0,0,0,0,0,0,0,0,0,0,0,0,0,0,8,35,20,25,0,0,0,0,0,0,0,0,5,4,15,19,0,0,0,0,0,0,0,0,0,0,32,18,0,0,0,0,0,0,0,0,0,0,0,0,0,0,0,0,0,0,0,0,backward
25,20,13,0,0,0,4,0,0,0,0,0,0,0,0,0,0,0,0,0,0,0,0,0,25,0,4,0,0,0,0,0,0,0,0,0,0,0,0,0,0,0,0,0,0,0,0,0,9,38,22,26,0,0,0,0,0,0,0,0,3,5,17,23,0,0,0,0,0,0,0,0,0,0,31,18,0,0,0,0,0,0,0,0,0,0,0,0,0,0,0,0,0,0,0,0,backward
36,33,27,8,0,0,7,0,0,0,0,0,0,0,0,5,0,0,0,0,0,0,0,0,31,0,7,0,0,0,0,0,0,0,0,0,0,0,0,0,0,0,0,0,0,0,0,0,13,38,26,30,0,0,0,0,0,0,0,0,0,8,21,28,0,0,0,0,0,0,0,0,0,0,38,22,0,0,0,0,0,0,0,0,0,0,0,0,0,0,0,0,0,0,0,0,backward
0,0,0,0,0,0,0,0,0,0,0,0,0,0,0,0,0,0,0,0,0,0,0,0,0,0,0,0,0,0,0,0,0,0,0,0,0,0,0,0,0,0,0,0,0,0,0,0,0,0,0,0,0,0,0,0,0,0,0,0,0,0,3,0,0,0,0,0,0,0,0,0,14,0,14,0,0,0,0,0,7,0,0,0,0,0,0,4,0,0,0,0,12,0,0,0,strafe_left
0,0,0,0,0,0,0,0,0,0,0,0,0,0,0,0,0,0,0,0,0,0,0,0,0,0,0,0,0,0,0,0,0,0,0,0,0,0,0,0,0,0,0,0,0,0,0,0,0,0,0,0,0,0,0,0,0,0,0,0,0,0,4,0,0,0,0,0,0,0,0,0,16,0,13,0,0,0,0,0,10,0,0,0,0,0,0,4,0,0,0,0,13,0,0,0,strafe_left
0,0,0,0,0,0,0,0,0,0,0,0,0,0,0,0,0,0,0,0,0,0,0,0,0,0,0,0,0,0,0,0,0,0,0,0,0,0,0,0,0,0,0,0,0,0,0,0,0,0,0,0,0,0,0,0,0,0,0,0,0,0,0,0,0,0,0,0,0,0,0,0,19,0,13,3,0,0,0,0,9,0,0,0,0,5,0,7,0,0,0,0,14,0,0,0,strafe_left
0,0,0,0,0,0,0,0,0,0,0,0,0,0,0,0,0,0,0,0,0,0,0,0,0,0,0,0,0,0,0,0,0,0,0,0,0,0,0,0,0,0,0,0,0,0,0,0,0,0,0,0,0,0,0,0,0,0,0,0,0,0,0,0,0,0,0,0,0,0,0,0,17,0,15,5,0,0,0,0,10,0,0,0,0,9,0,9,0,0,0,0,16,0,0,0,strafe_left
0,0,0,0,0,0,0,0,0,0,0,0,0,0,0,0,0,0,0,0,0,0,0,0,0,0,0,0,0,0,0,0,0,0,0,0,0,0,0,0,0,0,0,0,0,0,0,0,0,0,0,0,0,0,0,0,0,0,0,0,0,0,0,0,0,0,0,0,0,0,0,0,18,0,8,0,0,0,0,0,11,0,0,0,0,0,0,6,0,0,0,0,16,0,0,0,strafe_left
43,11,3,27,47,48,40,37,0,0,0,0,0,0,0,0,0,0,0,0,0,0,0,0,0,0,0,0,0,0,0,0,0,0,0,0,0,0,0,0,0,0,0,0,0,0,0,0,0,0,0,0,0,0,0,0,5,0,0,0,0,0,0,0,0,0,0,0,0,0,0,0,16,0,0,0,0,0,0,0,12,0,0,0,0,0,0,8,0,0,0,0,20,0,0,0,strafe_left
37,0,0,24,50,51,42,37,0,0,0,0,0,0,0,0,0,0,0,0,0,0,0,0,0,0,0,0,0,0,0,0,0,0,0,0,0,0,0,0,0,0,0,0,0,0,0,0,0,0,0,0,0,0,0,0,6,0,0,0,0,0,0,0,0,0,0,0,0,0,0,0,14,0,0,0,0,0,0,0,14,0,0,0,0,0,0,7,0,0,0,0,27,0,0,0,strafe_left
42,0,0,15,42,46,40,38,0,0,0,0,0,0,0,0,0,0,0,0,0,0,0,0,0,0,0,0,0,0,0,0,0,0,0,0,0,0,0,0,0,0,0,0,0,0,0,0,0,0,0,0,0,0,0,0,6,0,0,0,0,0,0,0,0,0,0,0,0,0,0,0,11,0,0,0,0,0,0,0,15,0,0,0,0,0,0,8,0,0,0,0,28,0,0,0,strafe_left
43,0,0,11,42,48,41,41,0,0,0,0,0,0,0,0,0,0,0,0,0,0,0,0,0,0,0,0,0,0,0,0,0,0,0,0,0,0,0,0,0,0,0,0,0,0,0,0,0,0,0,0,0,0,0,0,7,0,0,0,0,0,0,0,0,0,0,0,0,0,0,0,9,0,0,0,0,0,0,0,15,0,0,0,0,0,0,6,0,0,0,0,26,0,0,0,strafe_left
43,0,0,17,45,49,42,40,0,0,0,0,0,0,0,0,0,0,0,0,0,0,0,0,0,0,0,0,0,0,0,0,0,0,0,0,0,0,0,0,0,0,0,0,0,0,0,0,0,0,0,0,0,0,0,0,0,0,0,0,0,0,0,0,0,0,0,0,0,0,0,0,13,0,0,0,0,0,0,0,8,0,0,0,0,0,0,4,0,0,0,0,18,0,0,0,strafe_left
45,0,0,21,43,49,41,38,0,0,0,0,0,0,0,0,0,0,0,0,0,0,0,0,0,0,0,0,0,0,0,0,0,0,0,0,0,0,0,0,0,0,0,0,0,0,0,0,0,0,0,0,0,0,0,0,0,0,0,0,0,0,0,0,0,0,0,0,0,0,0,0,11,0,9,0,0,0,0,0,6,0,0,0,0,0,0,3,0,0,0,0,9,0,0,0,strafe_left
47,8,0,25,40,42,35,32,0,0,0,0,4,0,0,0,0,0,0,0,0,0,0,0,0,0,0,0,0,0,0,0,0,0,0,0,0,0,0,0,0,0,0,0,0,0,0,0,0,0,0,0,0,0,0,0,0,0,0,0,0,0,0,0,0,0,0,0,0,0,0,0,5,0,15,6,0,0,0,0,6,0,0,0,0,0,0,0,0,0,0,0,7,0,0,0,strafe_left
0,0,0,0,0,0,0,0,0,0,0,0,0,0,0,0,0,0,0,0,0,0,0,0,0,0,0,0,0,0,0,0,0,0,0,0,0,0,0,0,0,0,0,0,0,0,0,0,0,0,0,0,0,0,0,0,0,0,0,0,0,0,0,0,0,0,0,0,0,0,0,0,5,0,13,4,0,0,0,0,9,0,0,0,0,0,0,3,0,0,0,0,11,0,0,0,strafe_left
0,0,0,0,0,0,0,0,0,0,0,0,0,0,0,0,0,0,0,0,0,0,0,0,0,0,0,0,0,0,0,0,0,0,0,0,0,0,0,0,0,0,0,0,0,0,0,0,0,0,0,0,0,0,0,0,0,0,0,0,0,0,0,0,0,0,0,0,0,0,0,0,8,0,8,0,0,0,0,0,9,0,0,0,0,0,0,3,0,0,0,0,19,0,0,0,strafe_left
42,0,0,23,53,60,49,43,0,0,0,0,0,0,0,0,0,0,0,0,0,0,0,0,0,0,0,0,0,0,0,0,0,0,0,0,0,0,0,0,0,0,0,0,0,0,0,0,0,0,0,0,0,0,0,0,0,0,0,0,0,0,0,0,0,0,0,0,0,0,0,0,8,0,6,0,0,0,0,0,13,0,0,0,0,0,0,5,0,0,0,0,16,0,0,0,strafe_left
42,0,0,13,43,53,46,44,0,0,0,0,0,0,0,0,0,0,0,0,0,0,0,0,0,0,0,0,0,0,0,0,0,0,0,0,0,0,0,0,0,0,0,0,0,0,0,0,0,0,0,0,0,0,0,0,0,0,0,0,0,0,0,0,0,0,0,0,0,0,0,0,10,0,0,0,0,0,0,0,12,0,0,0,0,0,0,3,0,0,0,0,18,0,0,0,strafe_left
38,0,0,13,48,57,51,48,0,0,0,0,0,0,0,0,0,0,0,0,0,0,0,0,0,0,0,0,0,0,0,0,0,0,0,0,0,0,0,0,0,0,0,0,0,0,0,0,0,0,0,0,0,0,0,0,0,0,0,0,0,0,0,0,0,0,0,0,0,0,0,0,8,0,4,0,0,0,0,0,12,0,0,0,0,0,0,0,0,0,0,0,19,0,0,0,strafe_left
40,0,0,0,32,53,52,51,5,0,0,0,0,0,0,0,0,0,0,0,0,0,0,0,0,0,0,0,0,0,0,0,0,0,0,0,0,0,0,0,0,0,0,0,0,0,0,0,0,0,0,0,0,0,0,0,0,0,0,0,0,0,0,0,0,0,0,0,0,0,0,0,3,0,0,0,0,0,0,0,13,0,0,0,0,0,0,0,0,0,0,0,19,0,0,0,strafe_left
38,0,0,0,0,32,46,59,21,0,0,0,0,0,0,0,0,0,0,0,0,0,0,0,0,0,0,0,0,0,0,0,0,0,0,0,0,0,0,0,0,0,0,0,0,0,0,0,0,0,0,0,0,0,0,0,0,0,0,0,0,0,0,0,0,0,0,0,0,0,0,0,5,0,0,0,0,0,0,0,15,0,0,0,0,0,0,0,0,0,0,0,22,0,0,0,strafe_left
37,0,0,0,0,28,44,61,22,0,0,0,0,0,0,0,0,0,0,0,0,0,0,0,0,0,0,0,0,0,0,0,0,0,0,0,0,0,0,0,0,0,0,0,0,0,0,0,0,0,0,0,0,0,0,0,5,0,0,0,0,0,0,0,0,0,0,0,0,0,0,0,3,0,0,0,0,0,0,0,17,0,0,0,0,0,0,0,0,0,0,0,25,0,0,0,strafe_left
27,0,0,0,0,19,42,66,31,0,0,0,0,0,0,0,0,0,0,0,0,0,0,0,0,0,0,0,0,0,0,0,0,0,0,0,0,0,0,0,0,0,0,0,0,0,0,0,0,0,0,0,0,0,0,0,7,0,0,0,0,0,0,0,0,0,0,0,0,0,0,0,0,0,0,0,0,0,0,0,20,0,0,0,0,0,0,0,0,0,0,0,30,0,0,0,strafe_left
23,0,0,0,0,12,38,66,36,0,0,0,0,0,0,0,0,0,8,0,0,0,0,0,0,0,0,0,0,0,0,0,0,0,0,0,0,0,0,0,0,0,0,0,0,0,0,0,0,0,0,0,0,0,0,0,6,0,0,0,0,0,0,0,0,0,0,0,4,0,0,0,0,0,0,0,0,0,0,0,22,0,0,0,0,0,0,0,0,0,0,0,28,0,0,0,strafe_left
39,0,0,0,25,50,53,56,18,0,0,0,0,0,0,0,0,0,0,0,0,0,0,0,0,0,0,0,0,0,0,0,0,0,0,0,0,0,0,0,0,0,0,0,0,0,0,0,0,0,0,0,0,0,0,0,4,0,0,0,0,0,0,0,0,0,0,0,0,0,0,0,3,0,0,0,0,0,0,0,15,0,0,0,0,0,0,8,0,0,0,0,30,0,0,0,strafe_left
46,0,0,0,31,50,44,46,11,0,0,0,0,0,0,0,0,0,0,0,0,0,0,0,0,0,0,0,0,0,0,0,0,0,0,0,0,0,0,0,0,0,0,0,0,0,0,0,0,0,0,0,0,0,0,0,0,0,0,0,0,0,0,0,0,0,0,0,0,0,0,0,0,0,5,5,0,0,0,0,10,0,0,0,0,0,0,8,0,0,0,0,17,0,0,0,strafe_left
69,10,0,11,26,34,26,24,0,0,0,0,11,0,0,0,0,0,0,0,0,0,0,0,0,0,0,0,0,0,0,0,0,0,0,0,0,0,0,0,0,0,0,0,0,0,0,0,0,0,0,0,0,0,0,0,0,0,0,0,0,0,0,0,0,0,0,0,0,0,0,0,0,0,6,4,0,0,0,0,9,0,0,0,0,0,0,7,0,0,0,0,16,0,0,0,strafe_left
0,0,0,0,0,0,0,0,0,0,0,0,15,0,0,0,0,0,0,0,0,0,0,0,0,0,0,0,0,0,0,0,0,0,0,0,0,0,0,0,0,0,0,0,0,0,0,0,0,0,0,0,0,0,0,0,0,0,0,0,0,0,0,0,0,0,0,0,0,0,0,0,0,0,7,4,0,0,0,0,8,0,0,0,0,0,0,3,0,0,0,0,13,0,0,0,strafe_left
0,0,0,0,0,0,0,0,0,0,0,0,0,0,0,0,0,0,0,0,0,0,0,0,39,0,0,0,0,0,0,0,0,0,0,0,55,29,26,0,0,0,0,25,0,0,0,0,13,0,14,21,0,17,23,20,22,0,0,0,7,0,0,0,0,0,0,0,0,0,0,0,0,0,0,0,0,0,0,0,0,0,0,0,0,0,0,0,0,0,0,0,0,0,0,0,strafe_right
0,0,0,0,0,0,0,0,0,0,0,0,0,0,0,0,0,0,0,0,0,0,0,0,51,0,0,0,0,0,0,0,0,0,0,0,56,36,28,0,0,0,0,27,3,0,0,0,14,0,16,23,0,17,22,20,22,0,0,0,6,0,0,0,0,0,0,0,0,0,0,0,0,0,0,0,0,0,0,0,0,0,0,0,0,0,0,0,0,0,0,0,0,0,0,0,strafe_right
0,0,0,0,0,0,0,0,0,0,0,0,0,0,0,0,0,0,0,0,0,0,0,0,33,0,0,0,0,0,0,0,0,0,0,0,25,0,14,0,0,0,0,31,19,0,0,0,18,0,13,19,0,18,20,21,24,0,0,0,5,0,0,0,0,0,0,0,0,0,0,0,0,0,0,0,0,0,0,0,0,0,0,0,0,0,0,0,0,0,0,0,0,0,0,0,strafe_right
0,0,0,0,0,0,0,0,0,0,0,0,0,0,0,0,0,0,0,0,0,0,0,0,17,0,0,0,0,0,0,0,0,0,0,0,10,0,4,0,0,0,0,37,28,0,0,0,15,0,12,20,0,17,20,22,27,0,0,0,6,0,0,0,0,0,0,0,0,0,0,0,0,0,0,0,0,0,0,0,0,0,0,0,0,0,0,0,0,0,0,0,0,0,0,0,strafe_right
0,0,0,0,0,0,0,0,0,0,0,0,0,0,0,0,0,0,0,0,0,0,0,0,14,0,0,0,0,0,0,0,0,0,0,0,11,0,4,0,0,0,0,38,27,0,0,0,17,0,11,23,0,15,22,22,26,0,0,0,6,0,0,0,0,0,0,0,0,0,0,0,0,0,0,0,0,0,0,0,0,0,0,0,0,0,0,0,0,0,0,0,0,0,0,0,strafe_right
0,0,0,0,0,0,0,0,0,0,0,0,0,0,0,0,0,0,0,0,0,0,0,0,15,0,0,0,0,0,0,0,0,0,0,0,12,0,5,0,0,0,0,38,28,0,0,0,0,0,0,0,0,0,0,0,0,0,0,0,8,0,0,0,0,0,0,0,0,0,0,0,0,0,0,0,0,0,0,0,0,0,0,0,0,0,0,0,0,0,0,0,0,0,0,0,strafe_right
0,0,0,0,0,0,0,0,0,0,0,0,0,0,0,0,0,0,0,0,0,0,0,0,24,0,0,0,0,0,0,0,0,0,0,0,23,0,12,0,0,0,0,27,10,0,0,0,25,14,29,30,0,6,15,16,23,0,0,0,6,0,8,6,0,0,0,0,0,0,0,0,0,0,3,0,0,0,0,0,0,0,0,0,0,0,0,0,0,0,0,0,0,0,0,0,strafe_right
0,0,0,0,0,0,0,0,0,0,0,0,0,0,0,0,0,0,0,0,0,0,0,0,31,0,0,0,0,0,0,0,0,0,0,0,42,24,26,0,0,0,0,4,0,0,0,0,39,33,35,31,0,0,6,11,17,0,0,0,5,0,13,12,0,0,0,0,0,0,0,0,0,0,7,0,0,0,0,0,0,0,0,0,0,0,0,0,0,0,0,0,0,0,0,0,strafe_right
0,0,0,0,0,0,0,0,0,0,0,0,0,0,0,0,0,0,0,0,0,0,0,0,35,0,0,0,0,0,0,0,0,0,0,0,46,26,28,0,0,0,0,11,0,0,0,0,38,25,34,34,0,0,5,10,16,0,0,0,4,0,11,9,0,0,0,0,0,0,0,0,0,0,6,0,0,0,0,0,0,0,0,0,0,0,0,0,0,0,0,0,0,0,0,0,strafe_right
0,0,0,0,0,0,0,0,0,0,0,0,0,0,0,0,0,0,0,0,0,0,0,0,37,0,0,0,0,0,0,0,0,0,0,0,51,26,29,0,0,0,0,24,0,0,0,0,43,29,36,35,0,10,15,16,22,0,0,0,5,0,9,7,0,0,0,0,0,0,0,0,0,0,0,0,0,0,0,0,0,0,0,0,0,0,0,0,0,0,0,0,0,0,0,0,strafe_right
0,0,0,0,0,0,0,0,0,0,0,0,0,0,0,0,0,0,0,0,0,0,0,0,28,0,0,0,0,0,0,0,0,0,0,0,42,5,20,0,0,0,0,28,0,0,0,0,0,0,0,0,0,0,0,0,0,0,0,0,7,0,6,0,0,0,0,0,0,0,0,0,0,0,0,0,0,0,0,0,0,0,0,0,0,0,0,0,0,0,0,0,0,0,0,0,strafe_right
0,0,0,0,0,0,0,0,0,0,0,0,0,0,0,0,0,0,0,0,0,0,0,0,23,0,0,0,0,0,0,0,0,0,0,0,25,0,13,0,0,0,0,29,4,0,0,0,0,0,0,0,0,0,0,0,0,0,0,0,6,0,3,0,0,0,0,0,0,0,0,0,0,0,0,0,0,0,0,0,0,0,0,0,0,0,0,0,0,0,0,0,0,0,0,0,strafe_right
0,0,0,0,0,0,0,0,0,0,0,0,0,0,0,0,0,0,0,0,0,0,0,0,10,0,0,0,0,0,0,0,0,0,0,0,6,0,7,0,0,0,0,33,24,0,0,0,15,0,14,21,0,15,26,27,33,0,0,0,7,0,0,0,0,0,0,0,0,0,0,0,0,0,0,0,0,0,0,0,0,0,0,0,0,0,0,0,0,0,0,0,0,0,0,0,strafe_right
0,0,0,0,0,0,0,0,0,0,0,0,0,0,0,0,0,0,0,0,0,0,0,0,10,0,0,0,0,0,0,0,0,0,0,0,0,0,0,0,0,0,0,31,33,0,0,0,16,0,4,15,0,11,24,27,36,0,0,0,8,0,0,0,0,0,0,0,0,0,0,0,0,0,0,0,0,0,0,0,0,0,0,0,0,0,0,0,0,0,0,0,0,0,0,0,strafe_right
0,0,0,0,0,0,0,0,0,0,0,0,0,0,0,0,0,0,0,0,0,0,0,0,10,0,0,0,0,0,0,0,0,0,0,0,0,0,0,0,0,0,0,36,36,0,0,0,8,0,14,18,0,11,23,27,35,0,0,0,9,0,0,0,0,0,0,0,0,0,0,0,0,0,0,0,0,0,0,0,0,0,0,0,0,0,0,0,0,0,0,0,0,0,0,0,strafe_right
0,0,0,0,0,0,0,0,0,0,0,0,0,0,0,0,0,0,0,0,0,0,0,0,11,0,0,0,0,0,0,0,0,0,0,0,0,0,0,0,0,0,6,37,39,0,0,0,15,0,14,18,0,11,25,28,37,0,0,0,8,0,0,0,0,0,0,0,0,0,0,0,0,0,0,0,0,0,0,0,0,0,0,0,0,0,0,0,0,0,0,0,0,0,0,0,strafe_right
0,0,0,0,0,0,0,0,0,0,0,0,0,0,0,0,0,0,0,0,0,0,0,0,12,0,0,0,0,0,0,0,0,0,0,0,0,0,0,0,0,0,7,41,43,0,0,0,7,0,13,18,0,11,26,28,37,0,0,0,7,0,0,0,0,0,0,0,0,0,0,0,0,0,0,0,0,0,0,0,0,0,0,0,0,0,0,0,0,0,0,0,0,0,0,0,strafe_right
0,0,0,0,0,0,0,0,0,0,0,0,0,0,0,0,0,0,0,0,0,0,0,0,7,0,0,0,0,0,0,0,0,0,0,0,0,0,0,0,0,0,13,39,40,0,0,0,13,0,15,18,0,13,25,29,37,0,0,0,9,0,0,0,0,0,0,0,0,0,0,0,0,0,0,0,0,0,0,0,0,0,0,0,0,0,0,0,0,0,0,0,0,0,0,0,strafe_right
0,0,0,0,0,0,0,0,0,0,0,0,0,0,0,0,0,0,0,0,0,0,0,0,7,0,0,0,0,0,0,0,0,0,0,0,0,0,0,0,0,0,17,41,45,0,0,0,14,3,21,25,0,11,22,25,34,0,0,0,8,0,0,0,0,0,0,0,0,0,0,0,0,0,0,0,0,0,0,0,0,0,0,0,0,0,0,0,0,0,0,0,0,0,0,0,strafe_right
0,0,0,0,0,0,0,0,0,0,0,0,0,0,0,0,0,0,0,0,0,0,0,0,6,0,0,0,0,0,0,0,0,0,0,0,0,0,0,0,0,0,17,43,45,0,0,0,15,0,21,26,0,9,21,25,36,0,0,0,8,0,0,0,0,0,0,0,0,0,0,0,0,0,0,0,0,0,0,0,0,0,0,0,0,0,0,0,0,0,0,0,0,0,0,0,strafe_right
0,0,0,0,0,0,0,0,0,0,0,0,0,0,0,0,0,0,0,0,0,0,0,0,6,0,0,0,0,0,0,0,0,0,0,0,0,0,0,0,0,0,12,42,46,0,0,0,17,0,22,27,0,7,21,24,33,0,0,0,10,0,0,0,0,0,0,0,0,0,0,0,0,0,0,0,0,0,0,0,0,0,0,0,0,0,0,0,0,0,0,0,0,0,0,0,strafe_right
0,0,0,0,0,0,0,0,0,0,0,0,0,0,0,0,0,0,0,0,0,0,0,0,15,0,0,0,0,0,0,0,0,0,0,0,0,0,0,0,0,0,8,34,33,0,0,0,15,0,23,29,0,7,22,25,34,0,0,0,7,0,0,0,0,0,0,0,0,0,0,0,0,0,0,0,0,0,0,0,0,0,0,0,0,0,0,0,0,0,0,0,0,0,0,0,strafe_right
0,0,0,0,0,0,0,0,0,0,0,0,0,0,0,0,0,0,0,0,0,0,0,0,19,0,0,0,0,0,0,0,0,0,0,0,0,0,0,0,0,0,3,35,34,0,0,0,0,0,0,0,0,0,0,0,0,0,0,0,6,0,0,0,0,0,0,0,0,0,0,0,0,0,0,0,0,0,0,0,0,0,0,0,0,0,0,0,0,0,0,0,0,0,0,0,strafe_right
0,0,0,0,0,0,11,11,0,0,0,0,0,0,0,0,0,0,0,7,6,0,0,0,0,0,0,0,0,0,0,13,23,0,0,0,0,0,0,0,0,0,0,37,35,0,0,0,0,0,0,0,0,0,0,25,45,0,0,0,0,0,0,0,0,0,0,0,35,0,0,0,0,0,0,0,0,0,0,7,25,0,0,0,0,0,0,0,0,0,0,14,18,0,0,0,forward
0,0,0,0,0,0,10,16,0,0,3,0,0,0,0,0,0,0,0,9,11,0,0,0,0,0,0,0,0,0,0,20,31,0,0,0,0,0,0,0,0,0,0,56,47,0,0,0,0,0,0,0,0,0,0,20,40,0,0,0,0,0,0,0,0,0,0,0,36,0,0,0,0,0,0,0,0,0,0,11,30,0,0,0,0,0,0,0,0,0,0,23,26,0,0,0,forward
0,0,0,0,0,0,4,14,0,0,0,0,0,0,0,0,0,0,0,0,3,0,0,0,0,0,0,0,0,0,0,10,23,0,0,0,0,0,0,0,0,0,0,75,29,0,0,0,0,0,0,0,0,0,0,5,27,0,0,0,0,0,0,0,0,0,0,0,23,0,0,0,0,0,0,0,0,0,0,10,33,0,0,0,0,0,0,0,0,0,0,35,34,0,0,0,forward
0,0,0,0,0,0,0,10,0,0,8,0,0,0,0,0,0,0,0,0,0,0,0,0,0,0,0,0,0,0,0,9,20,0,4,0,0,0,0,0,0,0,0,75,27,0,0,0,0,0,0,0,0,0,0,0,24,0,0,0,0,0,0,0,0,0,0,0,14,0,0,0,0,0,0,0,0,0,0,0,31,0,0,0,0,0,0,0,0,0,0,29,29,0,0,0,forward
0,0,0,0,0,0,0,20,0,0,28,0,0,0,0,0,0,0,0,0,4,0,0,0,0,0,0,0,0,0,0,15,30,0,0,0,0,0,0,0,0,0,0,76,14,0,0,0,0,0,0,0,0,0,0,5,30,0,0,0,0,0,0,0,0,0,0,0,18,0,0,0,0,0,0,0,0,0,0,6,35,0,0,0,0,0,0,0,0,0,0,35,36,0,0,0,forward
0,0,0,0,0,0,0,28,9,9,22,0,0,0,0,0,0,0,0,7,13,0,0,0,0,0,0,0,0,0,0,27,34,0,0,0,0,0,0,0,0,0,0,74,7,0,0,0,0,0,0,0,0,0,0,19,44,0,0,0,0,0,0,0,0,0,0,0,26,0,0,0,0,0,0,0,0,0,0,8,34,0,0,0,0,0,0,0,0,0,0,29,31,0,0,0,forward
0,0,0,0,0,0,0,24,0,0,15,0,0,0,0,0,0,0,0,0,6,0,0,0,0,0,0,0,0,0,0,12,25,0,43,0,0,0,0,0,0,0,0,73,30,0,0,0,0,0,0,0,0,0,0,12,32,0,0,0,0,0,0,0,0,0,0,0,18,0,0,0,0,0,0,0,0,0,0,0,20,0,0,0,0,0,0,0,0,0,0,13,19,0,0,0,forward
0,0,0,0,0,0,0,32,13,17,5,0,0,0,0,0,0,0,0,4,23,0,0,0,0,0,0,0,0,0,0,37,50,0,0,0,0,0,0,0,0,0,0,147,50,0,0,0,0,0,0,0,0,0,0,33,55,0,0,0,0,0,0,0,0,0,0,0,52,0,0,0,0,0,0,0,0,0,0,20,41,0,0,0,0,0,0,0,0,0,0,50,44,0,0,0,forward
0,0,0,0,0,0,0,38,22,26,42,0,0,0,0,0,0,0,0,5,14,0,0,0,0,0,0,0,0,0,0,20,31,0,8,0,0,0,0,0,0,0,0,63,6,0,0,0,0,0,0,0,0,0,0,25,49,0,0,0,0,0,0,0,0,0,0,0,32,0,0,0,0,0,0,0,0,0,0,0,26,0,0,0,0,0,0,0,0,0,0,9,20,0,0,0,forward
0,0,0,0,0,0,4,41,32,32,30,0,0,0,0,0,0,0,0,6,17,0,0,0,0,0,0,0,0,0,0,25,40,0,0,0,0,0,0,0,0,0,0,79,9,0,0,0,0,0,0,0,0,0,0,36,62,0,0,0,0,0,0,0,0,0,0,10,44,0,0,0,0,0,0,0,0,0,0,11,40,0,0,0,0,0,0,0,0,0,0,29,38,0,0,0,forward
0,0,0,0,0,0,10,42,33,10,0,0,0,0,0,0,0,0,0,28,35,0,0,0,0,0,0,0,0,0,0,62,62,0,0,0,0,0,0,0,0,0,0,167,40,0,0,0,0,0,0,0,0,0,0,62,92,0,0,0,0,0,0,0,0,0,0,36,77,3,0,0,0,0,0,0,0,0,0,31,55,4,0,0,0,0,0,0,0,0,0,96,59,0,0,0,forward
0,0,0,0,0,0,16,47,38,14,0,0,0,0,0,0,0,0,0,30,31,0,0,0,0,0,0,0,0,0,0,51,55,0,0,0,0,0,0,0,0,0,0,114,24,0,0,0,0,0,0,0,0,0,0,68,98,0,0,0,0,0,0,0,0,0,0,42,82,0,0,0,0,0,0,0,0,0,0,43,61,0,0,0,0,0,0,0,0,0,0,123,68,0,0,0,forward
0,0,0,0,0,0,20,62,45,0,0,0,0,0,0,0,0,0,0,44,42,0,0,0,0,0,0,0,0,0,0,54,49,0,0,0,0,0,0,0,0,0,0,104,14,0,0,0,0,0,0,0,0,0,0,67,93,0,0,0,0,0,0,0,0,0,0,55,88,0,0,0,0,0,0,0,0,0,0,50,64,0,0,0,0,0,0,0,0,0,0,120,55,0,0,0,forward
0,0,0,0,0,0,18,49,30,0,0,0,0,0,0,0,0,0,0,40,35,0,0,0,0,0,0,0,0,0,0,55,58,0,0,0,0,0,0,0,0,0,3,123,33,0,0,0,0,0,0,0,0,0,0,65,92,0,0,0,0,0,0,0,0,0,0,67,87,0,0,0,0,0,0,0,0,0,0,40,56,0,0,0,0,0,0,0,0,0,0,80,26,0,0,0,forward
0,0,0,0,0,0,13,32,14,0,0,0,0,0,0,0,0,0,0,20,22,0,0,0,0,0,0,0,0,0,0,32,50,0,0,0,0,0,0,0,0,0,0,45,33,0,0,0,0,0,0,0,0,0,0,47,80,0,0,0,0,0,0,0,0,0,0,50,77,0,0,0,0,0,0,0,0,0,0,36,56,0,0,0,0,0,0,0,0,0,0,88,41,0,0,0,forward
0,0,0,0,0,0,0,14,6,0,0,0,0,0,0,0,0,0,0,6,16,0,0,0,0,0,0,0,0,0,0,26,54,0,0,0,0,0,0,0,0,0,0,89,91,0,0,0,0,0,0,0,0,0,0,20,56,0,0,0,0,0,0,0,0,0,0,9,45,0,0,0,0,0,0,0,0,0,0,20,51,0,0,0,0,0,0,0,0,0,0,71,76,0,0,0,forward
0,0,0,0,0,0,0,0,0,0,0,0,0,0,0,0,0,0,0,0,0,0,0,0,0,0,0,0,0,0,0,4,29,0,21,0,0,0,0,0,0,0,0,68,72,0,0,0,0,0,0,0,0,0,0,14,50,0,0,32,0,0,0,0,0,0,0,0,39,0,0,0,0,0,0,0,0,0,0,9,40,0,0,0,0,0,0,0,0,0,0,57,54,0,0,0,forward
0,0,0,0,0,0,0,0,0,0,47,0,0,0,0,0,0,0,0,0,0,0,0,0,0,0,0,0,0,0,0,0,19,0,30,0,0,0,0,0,0,0,0,48,47,0,0,0,0,0,0,0,0,0,0,6,40,0,0,20,0,0,0,0,0,0,0,0,30,0,0,0,0,0,0,0,0,0,0,4,37,0,0,0,0,0,0,0,0,0,0,38,41,0,0,0,forward
0,0,0,0,0,0,5,0,0,0,58,0,0,0,0,0,0,0,0,0,0,0,0,0,0,0,0,0,0,0,0,0,20,0,0,0,0,0,0,0,0,0,0,30,0,0,0,0,0,0,0,0,0,0,0,7,43,0,0,0,0,0,0,0,0,0,0,0,36,0,0,0,0,0,0,0,0,0,0,10,41,0,0,0,0,0,0,0,0,0,0,37,43,0,0,0,forward
0,0,0,0,0,0,9,40,30,0,0,0,0,0,0,0,0,0,0,17,26,0,0,0,0,0,0,0,0,0,0,28,45,0,0,0,0,0,0,0,0,0,0,54,11,0,0,0,0,0,0,0,0,0,0,14,57,0,0,0,0,0,0,0,0,0,0,6,46,0,0,0,0,0,0,0,0,0,0,16,47,0,0,0,0,0,0,0,0,0,0,47,49,0,0,0,forward
3,27,17,0,0,0,0,0,0,0,0,0,0,0,0,0,0,0,0,0,0,0,0,0,0,0,4,0,0,0,0,0,0,0,0,0,0,0,0,0,0,0,0,0,0,0,0,0,41,22,37,28,0,0,0,0,0,0,0,0,17,4,23,30,0,0,0,0,0,0,0,0,0,0,24,19,0,0,0,0,5,0,0,0,0,0,0,0,0,0,0,6,0,0,0,0,backward
29,43,30,4,0,0,0,0,0,0,0,0,3,0,0,0,0,0,0,0,0,0,0,0,0,0,5,0,0,0,0,0,0,0,0,0,0,0,0,0,0,0,0,0,0,0,0,0,34,22,35,18,0,0,0,0,0,0,0,0,16,4,21,29,0,0,0,0,0,0,0,0,0,0,24,21,0,0,0,0,9,0,0,0,0,0,0,0,0,0,0,10,0,0,0,0,backward
49,45,39,0,0,0,0,0,0,0,0,0,21,0,5,0,0,0,0,0,0,0,0,0,8,0,3,0,0,0,0,0,0,0,0,0,0,0,0,0,0,0,0,0,0,0,0,0,26,12,22,0,0,0,0,0,0,0,0,0,12,5,21,24,0,0,0,0,0,0,0,0,0,7,34,28,0,0,0,0,9,0,0,0,0,0,0,0,0,0,0,8,0,0,0,0,backward
25,37,28,0,0,0,0,0,0,0,0,0,17,0,5,0,0,0,0,0,0,0,0,0,24,0,5,0,0,0,0,0,0,0,0,0,0,0,12,0,0,0,0,0,0,0,0,0,35,22,29,0,0,0,0,0,0,0,0,0,13,11,26,30,0,0,0,0,0,0,0,0,0,10,43,40,0,0,0,0,5,0,0,0,0,0,0,0,0,0,0,0,0,0,0,0,backward
36,49,13,0,0,0,0,0,0,0,0,0,0,0,20,0,0,0,0,0,0,0,0,0,50,0,22,0,0,0,0,0,0,0,0,0,44,46,55,0,0,0,0,0,0,0,0,0,53,33,31,11,0,0,0,0,0,0,0,0,10,13,30,38,0,0,0,0,0,0,0,0,0,11,40,37,0,0,0,0,0,0,0,0,0,0,0,0,0,0,0,0,0,0,0,0,backward
0,49,16,0,0,0,0,0,0,0,0,0,0,0,27,0,0,0,0,0,0,0,0,0,42,0,29,0,0,0,0,0,0,0,0,0,49,48,54,0,0,0,0,0,0,0,0,0,77,45,40,23,0,0,0,0,0,0,0,0,11,11,27,31,0,0,0,0,0,0,0,0,0,0,28,20,0,0,0,0,3,0,0,0,0,0,0,0,0,0,0,0,0,0,0,0,backward
26,50,22,0,0,0,0,0,0,0,0,0,11,0,20,0,0,0,0,0,0,0,0,0,15,0,21,0,0,0,0,0,0,0,0,0,0,17,33,0,0,0,0,0,0,0,0,0,62,38,35,16,0,0,0,0,0,0,0,0,13,12,26,29,0,0,0,0,0,0,0,0,0,0,33,25,0,0,0,0,8,0,0,0,0,0,0,0,0,0,0,12,0,0,0,0,backward
77,82,54,6,0,0,0,0,0,0,0,0,16,0,18,9,0,0,0,0,0,0,0,0,11,0,19,0,0,0,0,0,0,0,0,0,0,9,29,0,0,0,0,0,0,0,0,0,37,26,32,3,0,0,0,0,0,0,0,0,7,14,25,29,0,0,0,0,0,0,0,0,0,3,32,33,0,0,0,0,16,0,0,0,0,0,0,0,0,0,0,21,0,0,0,0,backward
29,26,8,0,0,0,5,0,0,0,0,0,23,0,7,0,0,0,0,0,0,0,0,0,44,0,15,0,0,0,0,0,0,0,0,0,21,10,29,0,0,0,0,0,0,0,0,0,40,31,30,0,0,0,0,0,0,0,0,0,11,5,24,35,0,0,0,0,6,0,0,0,0,10,48,53,0,0,0,0,13,0,0,0,0,0,0,0,0,0,0,7,0,0,0,0,backward
41,51,28,0,0,0,0,4,0,0,0,0,32,0,0,0,0,0,0,0,0,0,0,0,21,0,8,0,0,0,0,0,0,0,0,0,0,0,0,0,0,0,0,0,0,0,0,0,41,37,26,0,0,0,0,0,0,0,0,0,10,11,26,32,0,0,0,0,0,0,0,0,0,19,48,53,0,0,0,0,11,0,0,0,0,0,0,0,0,0,0,0,0,0,0,0,backward
60,71,44,15,0,0,4,0,0,0,0,0,28,0,0,0,0,0,0,0,0,0,0,0,15,0,8,0,0,0,0,0,0,0,0,0,0,0,0,0,0,0,0,0,0,0,0,0,49,32,34,0,0,0,0,0,0,0,0,0,5,20,32,35,0,0,0,0,0,0,0,0,0,18,45,45,0,0,0,0,5,0,0,0,0,0,0,0,0,0,0,0,0,0,0,0,backward
71,79,55,5,0,0,11,0,0,0,0,0,24,0,6,0,0,0,0,0,0,0,0,0,28,0,11,0,0,0,0,0,0,0,0,0,0,0,14,0,0,0,0,0,0,0,0,0,52,35,36,0,0,0,0,0,0,0,0,0,5,20,35,33,0,0,0,0,0,0,0,0,0,22,50,45,0,0,0,0,9,0,0,0,0,0,0,0,0,0,0,0,0,0,0,0,backward
44,78,43,0,0,0,7,0,0,0,0,0,24,0,13,0,0,0,0,0,0,0,0,0,34,0,15,0,0,0,0,0,0,0,0,0,0,0,19,0,0,0,0,0,0,0,0,0,53,37,36,0,0,0,0,0,0,0,0,0,5,20,34,30,0,0,0,0,0,0,0,0,0,19,43,38,0,0,0,0,8,0,0,0,0,0,0,0,0,0,0,0,0,0,0,0,backward
31,69,33,0,0,0,0,0,0,0,0,0,22,0,17,0,0,0,0,0,0,0,0,0,41,0,23,0,0,0,0,0,0,0,0,0,29,19,46,0,0,0,0,0,0,0,0,0,37,35,44,23,0,0,0,0,0,0,0,0,3,12,27,27,0,0,0,0,0,0,0,0,0,0,32,26,0,0,0,0,0,0,0,0,0,0,0,0,0,0,0,0,0,0,0,0,backward
33,59,25,0,0,0,0,0,0,0,0,0,3,0,23,0,0,0,0,0,0,0,0,0,40,0,32,0,0,0,0,0,0,0,0,0,47,39,54,0,0,0,0,0,0,0,0,0,58,48,42,15,0,0,0,0,0,0,0,0,3,15,35,35,0,0,0,0,0,0,0,0,0,4,38,38,0,0,0,0,5,0,0,0,0,0,0,0,0,0,0,0,0,0,0,0,backward
29,63,32,0,0,0,0,0,0,0,0,0,8,0,18,0,0,0,0,0,0,0,0,0,37,0,25,0,0,0,0,0,0,0,0,0,15,18,33,0,0,0,0,0,0,0,0,0,57,36,31,11,0,0,0,0,0,0,0,0,5,13,28,33,0,0,0,0,0,0,0,0,0,0,35,49,0,0,0,0,7,0,0,0,0,0,0,0,0,0,0,0,0,0,0,0,backward
39,73,44,0,0,0,0,0,0,0,0,0,17,0,13,5,0,0,0,0,0,0,0,0,14,0,22,0,0,0,0,0,0,0,0,0,0,0,27,0,0,0,0,0,0,0,0,0,68,40,30,11,0,0,0,0,0,0,0,0,7,19,30,29,0,0,0,0,0,0,0,0,0,5,31,28,0,0,0,0,6,0,0,0,0,0,0,0,0,0,0,0,0,0,0,0,backward
40,3,0,14,35,54,49,44,5,0,0,0,0,0,0,0,0,0,0,0,0,0,0,0,0,0,0,0,0,0,0,0,0,0,0,0,0,0,0,0,0,0,0,0,0,0,0,0,0,0,0,0,0,0,0,0,0,0,0,0,0,0,0,0,0,0,0,0,0,0,0,0,0,0,6,0,0,0,0,0,10,0,0,0,0,0,0,4,0,0,0,0,24,0,0,0,strafe_left
43,0,3,12,35,56,48,44,4,0,0,0,0,0,0,0,0,0,0,0,0,0,0,0,0,0,0,0,0,0,0,0,0,0,0,0,0,0,0,0,0,0,0,0,0,0,0,0,0,0,0,0,0,0,0,0,0,0,0,0,0,0,0,0,0,0,0,0,0,0,0,0,0,0,5,0,0,0,0,0,9,0,0,0,0,0,0,3,0,0,0,0,24,0,0,0,strafe_left
46,0,0,8,30,52,47,42,4,0,0,0,0,0,0,0,0,0,0,0,0,0,0,0,0,0,0,0,0,0,0,0,0,0,0,0,0,0,0,0,0,0,0,0,0,0,0,0,0,0,0,0,0,0,0,0,0,0,0,0,0,0,0,0,0,0,0,0,0,0,0,0,0,0,4,0,0,0,0,0,10,0,0,0,0,0,0,0,0,0,0,0,23,0,0,0,strafe_left
39,0,0,7,28,52,44,42,4,0,0,0,0,0,0,0,0,0,0,0,0,0,0,0,0,0,0,0,0,0,0,0,0,0,0,0,0,0,0,0,0,0,0,0,0,0,0,0,0,0,0,0,0,0,0,0,0,0,0,0,0,0,0,0,0,0,0,0,0,0,0,0,0,0,5,0,0,0,0,0,11,0,0,0,0,0,0,3,0,0,0,0,23,0,0,0,strafe_left
46,0,0,7,27,50,43,40,5,0,0,0,0,0,0,0,0,0,0,0,0,0,0,0,0,0,0,0,0,0,0,0,0,0,0,0,0,0,0,0,0,0,0,0,0,0,0,0,0,0,0,0,0,0,0,0,0,0,0,0,0,0,0,0,0,0,0,0,0,0,0,0,0,0,6,0,0,0,0,0,9,0,0,0,0,0,0,0,0,0,0,0,24,0,0,0,strafe_left
47,0,0,6,25,49,42,40,5,0,0,0,0,0,0,0,0,0,0,0,0,0,0,0,0,0,0,0,0,0,0,0,0,0,0,0,0,0,0,0,0,0,0,0,0,0,0,0,0,0,0,0,0,0,0,0,0,0,0,0,0,0,0,0,0,0,0,0,0,0,0,0,0,0,4,0,0,0,0,0,9,0,0,0,0,0,0,3,0,0,0,0,21,0,0,0,strafe_left
52,3,0,7,21,46,38,35,0,0,0,0,0,0,0,0,0,0,0,0,0,0,0,0,0,0,0,0,0,0,0,0,0,0,0,0,0,0,0,0,0,0,0,0,0,0,0,0,0,0,0,0,0,0,0,0,0,0,0,0,0,0,5,0,0,0,0,0,0,0,0,0,4,0,14,5,0,0,0,0,8,0,0,0,0,0,0,8,0,0,0,0,19,0,0,0,strafe_left
50,4,0,5,21,47,38,37,0,0,0,0,4,0,0,0,0,0,0,0,0,0,0,0,0,0,0,0,0,0,0,0,0,0,0,0,0,0,0,0,0,0,0,0,0,0,0,0,0,0,0,0,0,0,0,0,0,0,0,0,0,0,7,0,0,0,0,0,0,0,0,0,3,0,15,6,0,0,0,0,10,0,0,0,0,0,0,13,0,0,0,0,18,0,0,0,strafe_left
53,7,0,7,18,44,35,34,0,0,0,0,5,0,0,0,0,0,0,0,0,0,0,0,0,0,0,0,0,0,0,0,0,0,0,0,0,0,0,0,0,0,0,0,0,0,0,0,0,0,0,0,0,0,0,0,0,0,0,0,0,0,7,0,0,0,0,0,0,0,0,0,0,0,15,7,0,0,0,0,10,0,0,0,0,0,0,14,0,0,0,0,19,0,0,0,strafe_left
40,4,9,3,0,12,18,18,0,0,0,0,9,0,0,0,0,0,0,0,0,0,0,0,0,0,12,0,0,0,0,0,0,0,0,0,0,0,3,0,0,0,0,0,0,0,0,0,0,0,0,0,0,0,0,0,0,0,0,0,0,0,0,0,0,0,0,0,0,0,0,0,3,0,5,0,0,0,0,0,10,0,0,0,0,0,0,13,0,0,0,5,28,0,0,0,strafe_left
0,0,0,0,0,0,0,0,0,0,0,0,7,0,0,0,0,0,0,0,0,0,0,0,0,0,11,0,0,0,0,0,0,0,0,0,0,0,0,0,0,0,0,0,0,0,0,0,0,0,0,0,0,0,0,0,0,0,0,0,0,0,0,0,0,0,0,0,0,0,0,0,3,0,7,0,0,0,0,0,12,0,0,0,0,0,0,12,0,0,0,5,31,0,0,0,strafe_left
0,0,0,0,0,0,0,0,0,0,0,0,4,0,0,0,0,0,0,0,0,0,0,0,0,0,8,0,0,0,0,0,0,0,0,0,0,0,0,0,0,0,0,0,0,0,0,0,0,0,0,0,0,0,0,0,0,0,0,0,0,0,0,0,0,0,0,0,0,0,0,0,0,0,3,0,0,0,0,0,17,0,0,0,0,0,0,0,0,0,0,0,23,0,0,0,strafe_left
0,0,0,0,0,0,0,0,0,0,0,0,7,0,0,0,0,0,0,0,0,0,0,0,0,0,7,0,0,0,0,0,0,0,0,0,0,0,0,0,0,0,0,0,0,0,0,0,0,0,0,0,0,0,0,0,0,0,0,0,0,0,0,0,0,0,0,0,0,0,0,0,3,0,0,0,0,0,0,0,18,0,0,0,0,0,0,0,0,0,0,5,28,0,0,0,strafe_left
0,0,0,0,0,0,0,0,0,0,0,0,6,0,0,0,0,0,0,0,0,0,0,0,0,0,4,0,0,0,0,0,0,0,0,0,0,0,0,0,0,0,0,0,0,0,0,0,0,0,0,0,0,0,0,0,0,0,0,0,0,0,0,0,0,0,0,0,0,0,0,0,4,0,0,0,0,0,0,0,20,0,0,0,0,0,0,7,0,0,0,11,31,0,0,0,strafe_left
28,0,0,6,31,69,56,52,29,0,0,0,0,0,0,0,0,0,0,0,0,0,0,0,0,0,0,0,0,0,0,0,0,0,0,0,0,0,0,0,0,0,0,0,0,0,0,0,0,0,0,0,0,0,0,0,0,0,0,0,0,0,0,0,0,0,0,0,0,0,0,0,4,0,3,0,0,0,0,0,21,0,0,0,0,0,0,9,0,0,0,9,32,0,0,0,strafe_left
27,0,0,0,30,73,60,55,34,0,0,0,0,0,0,0,0,0,0,0,0,0,0,0,0,0,0,0,0,0,0,0,0,0,0,0,0,0,0,0,0,0,0,0,0,0,0,0,0,0,0,0,0,0,0,0,0,0,0,0,0,0,0,0,0,0,0,0,0,0,0,0,6,0,0,0,0,0,0,0,16,0,0,0,0,0,0,7,0,0,0,10,31,0,0,0,strafe_left
30,0,0,0,8,62,59,64,47,0,0,0,0,0,0,0,0,0,0,0,0,0,0,0,0,0,0,0,0,0,0,0,0,0,0,0,0,0,0,0,0,0,0,0,0,0,0,0,0,0,0,0,0,0,0,0,0,0,0,0,0,0,0,0,0,0,0,0,0,0,0,0,5,0,0,0,0,0,0,0,15,0,0,0,0,0,0,7,0,0,0,11,32,0,0,0,strafe_left
27,0,0,0,3,55,58,67,51,0,0,0,0,0,0,0,0,0,0,0,0,0,0,0,0,0,0,0,0,0,0,0,0,0,0,0,0,0,0,0,0,0,0,0,0,0,0,0,0,0,0,0,0,0,0,0,0,0,0,0,0,0,0,0,0,0,0,0,0,0,0,0,5,0,0,0,0,0,0,0,15,0,0,0,0,0,0,8,0,0,0,11,34,0,0,0,strafe_left
22,0,0,0,0,49,59,76,64,0,0,0,0,0,0,0,0,0,0,0,0,0,0,0,0,0,0,0,0,0,0,0,0,0,0,0,0,0,0,0,0,0,0,0,0,0,0,0,0,0,0,0,0,0,0,0,0,0,0,0,0,0,0,0,0,0,0,0,0,0,0,0,5,0,0,0,0,0,0,0,16,0,0,0,0,0,0,5,0,0,0,8,32,0,0,0,strafe_left
15,0,0,0,0,24,50,84,78,0,0,0,0,0,0,0,0,0,0,0,0,0,0,0,0,0,0,0,0,0,0,0,0,0,0,0,0,0,0,0,0,0,0,0,0,0,0,0,0,0,0,0,0,0,0,0,0,0,0,0,0,0,0,0,0,0,0,0,0,0,0,0,5,0,0,0,0,0,0,0,20,0,0,0,0,0,0,0,0,0,0,10,31,0,0,0,strafe_left
0,0,0,0,0,20,50,96,103,21,0,0,0,0,0,0,0,0,0,7,0,0,0,0,0,0,0,0,0,0,0,0,0,0,0,0,0,0,0,0,0,0,0,0,0,0,0,0,0,0,0,0,0,0,0,0,0,0,0,0,0,0,0,0,0,0,0,0,0,0,0,0,4,0,0,0,0,0,0,0,22,0,0,0,0,0,0,0,0,0,0,13,35,0,0,0,strafe_left
0,0,0,0,0,23,51,100,99,18,0,0,0,0,0,0,0,0,0,6,0,0,0,0,0,0,0,0,0,0,0,0,0,0,0,0,0,0,0,0,0,0,0,0,0,0,0,0,0,0,0,0,0,0,0,0,0,0,0,0,0,0,0,0,0,0,0,0,0,0,0,0,4,0,0,0,0,0,0,0,24,0,0,0,0,0,0,0,0,0,0,15,37,0,0,0,strafe_left
0,0,0,0,0,22,53,99,106,23,0,0,0,0,0,0,0,0,0,4,0,0,0,0,0,0,0,0,0,0,0,0,0,0,0,0,0,0,0,0,0,0,0,0,0,0,0,0,0,0,0,0,0,0,0,0,0,0,0,0,0,0,0,0,0,0,0,0,0,0,0,0,4,0,0,0,0,0,0,0,26,0,0,0,0,0,0,0,0,0,0,14,37,0,0,0,strafe_left
0,0,0,0,0,20,48,95,100,19,0,0,0,0,0,0,0,0,0,6,0,0,0,0,0,0,0,0,0,0,0,0,0,0,0,0,0,0,0,0,0,0,0,0,0,0,0,0,0,0,0,0,0,0,0,0,0,0,0,0,0,0,0,0,0,0,0,0,0,0,0,0,0,0,0,0,0,0,0,0,34,0,0,0,0,0,0,0,0,0,0,23,57,0,0,0,strafe_left
0,0,0,0,0,15,47,90,94,21,0,0,0,0,0,0,0,0,0,9,0,0,0,0,0,0,0,0,0,0,0,0,0,0,0,0,0,0,0,0,0,0,0,0,0,0,0,0,0,0,0,0,0,0,0,0,0,0,0,0,0,0,0,0,0,0,0,0,0,0,0,0,0,0,0,0,0,0,0,0,42,0,0,0,0,0,0,0,0,0,0,23,62,0,0,0,strafe_left
0,0,0,0,0,10,43,87,94,28,0,0,0,0,0,0,0,0,0,8,4,0,0,0,0,0,0,0,0,0,0,0,0,0,0,0,0,0,0,0,0,0,0,0,0,0,0,0,0,0,0,0,0,0,0,0,0,0,0,0,0,0,0,0,0,0,0,0,0,0,0,0,0,0,0,0,0,0,0,0,45,0,0,0,0,0,0,0,0,0,0,33,71,0,0,0,strafe_left
0,0,0,0,0,0,38,77,91,36,0,0,0,0,0,0,0,0,0,5,10,0,0,0,0,0,0,0,0,0,0,0,0,0,0,0,0,0,0,0,0,0,0,0,0,0,0,0,0,0,0,0,0,0,0,0,0,0,0,0,0,0,0,0,0,0,0,0,0,0,0,0,0,0,0,0,0,0,0,4,43,0,0,0,0,0,0,0,0,0,0,34,57,0,0,0,strafe_left
0,0,0,0,0,0,28,67,81,50,0,0,0,0,0,0,0,0,0,5,20,0,16,0,0,0,0,0,0,0,0,0,6,0,6,0,0,0,0,0,0,0,0,0,0,0,0,0,0,0,0,0,0,0,0,0,0,0,0,0,0,0,0,0,0,0,0,0,0,0,0,0,0,0,0,0,0,0,0,0,40,0,0,0,0,0,0,0,0,0,0,37,49,0,0,0,strafe_left
0,0,0,0,0,0,32,74,93,55,0,0,0,0,0,0,0,0,0,8,20,0,10,0,0,0,0,0,0,0,0,0,7,0,0,0,0,0,0,0,0,0,0,3,0,0,0,0,0,0,0,0,0,0,0,0,0,0,0,0,0,0,0,0,0,0,0,0,0,0,0,0,0,0,0,0,0,0,0,4,47,0,0,0,0,0,0,0,0,0,0,38,51,0,0,0,strafe_left
0,0,0,0,0,15,35,85,94,13,0,0,0,0,0,0,0,0,0,9,6,0,0,0,0,0,0,0,0,0,0,0,5,0,0,0,0,0,0,0,0,0,0,0,0,0,0,0,0,0,0,0,0,0,0,0,0,0,0,0,0,0,0,0,0,0,0,0,0,0,0,0,0,0,0,0,0,0,0,9,58,3,0,0,0,0,0,0,0,0,6,46,70,0,0,0,strafe_left
0,0,0,0,0,17,35,86,94,12,0,0,0,0,0,0,0,0,3,8,5,0,0,0,0,0,0,0,0,0,0,0,0,0,0,0,0,0,0,0,0,0,0,0,0,0,0,0,0,0,0,0,0,0,0,0,0,0,0,0,0,0,0,0,0,0,0,0,0,0,0,0,0,0,0,0,0,0,0,8,58,3,0,0,0,0,0,0,0,0,6,45,69,0,0,0,strafe_left
3,0,0,0,0,25,38,81,81,0,0,0,0,0,0,0,0,0,0,3,0,0,0,0,0,0,0,0,0,0,0,0,0,0,0,0,0,0,0,0,0,0,0,0,0,0,0,0,0,0,0,0,0,0,0,0,0,0,0,0,0,0,0,0,0,0,0,0,0,0,0,0,0,0,0,0,0,0,0,5,52,0,0,0,0,0,0,0,0,0,4,45,72,0,0,0,strafe_left
19,0,0,0,0,44,50,76,60,0,0,0,0,0,0,0,0,0,0,0,0,0,0,0,0,0,0,0,0,0,0,0,0,0,0,0,0,0,0,0,0,0,0,0,0,0,0,0,0,0,0,0,0,0,0,0,0,0,0,0,0,0,0,0,0,0,0,0,0,0,0,0,0,0,0,0,0,0,0,0,45,0,0,0,0,0,0,0,0,0,3,34,64,0,0,0,strafe_left
21,0,0,0,41,80,67,64,37,0,0,0,0,0,0,0,0,0,0,0,0,0,0,0,0,0,0,0,0,0,0,0,0,0,0,0,0,0,0,0,0,0,0,0,0,0,0,0,0,0,0,0,0,0,0,0,0,0,0,0,0,0,0,0,0,0,0,0,0,0,0,0,0,0,0,5,0,0,0,0,30,0,0,0,0,0,0,12,0,0,0,26,58,0,0,0,strafe_left
18,0,0,0,50,83,64,63,33,0,0,0,0,0,0,0,0,0,0,0,0,0,0,0,0,0,0,0,0,0,0,0,0,0,0,0,0,0,0,0,0,0,0,0,0,0,0,0,0,0,0,0,0,0,0,0,0,0,0,0,0,0,0,0,0,0,0,0,0,0,0,0,0,0,0,7,0,0,0,0,29,0,0,0,0,0,0,15,0,0,0,25,49,0,0,0,strafe_left
22,0,0,15,71,93,62,52,21,0,0,0,5,0,0,0,0,0,0,0,0,0,0,0,0,0,0,0,0,0,0,0,0,0,0,0,0,0,0,0,0,0,0,0,0,0,0,0,0,0,0,0,0,0,0,0,0,0,0,0,0,0,0,0,0,0,0,0,0,0,0,0,0,0,0,7,0,0,0,0,25,0,0,0,0,0,0,10,0,0,0,11,29,0,0,0,strafe_left
0,0,0,0,0,0,0,0,0,0,0,0,22,0,0,0,0,0,0,0,0,0,0,0,0,0,0,0,0,0,0,0,0,0,0,0,0,0,0,0,0,0,0,0,0,0,0,0,0,0,0,0,0,0,0,0,0,0,0,0,0,0,0,0,0,0,0,0,0,0,0,0,0,0,10,10,0,0,0,0,22,0,0,0,0,0,0,20,0,0,0,12,27,0,0,0,strafe_left
35,47,42,47,61,52,21,18,0,0,0,0,22,8,0,0,0,0,0,0,0,0,0,0,0,0,16,0,0,0,0,0,0,0,0,0,0,0,0,0,0,0,0,0,0,0,0,0,0,0,0,0,0,0,0,0,0,0,0,0,0,0,0,0,0,0,0,0,0,0,0,0,0,0,15,15,0,0,0,0,23,0,0,0,0,0,0,28,0,0,0,13,29,0,0,0,strafe_left
22,0,3,15,59,97,65,59,29,0,0,0,11,0,0,0,0,0,0,0,0,0,0,0,0,0,0,0,0,0,0,0,0,0,0,0,0,0,0,0,0,0,0,0,0,0,0,0,0,0,0,0,0,0,0,0,0,0,0,0,0,0,0,0,0,0,0,0,0,0,0,0,0,0,8,13,0,0,0,0,30,0,0,0,0,0,0,19,0,0,0,18,39,0,0,0,strafe_left
0,0,0,0,0,0,0,0,0,0,0,0,20,0,0,0,0,0,0,0,0,0,0,0,0,0,14,0,0,0,0,0,0,0,0,0,0,0,0,0,0,0,0,0,0,0,0,0,0,0,0,0,0,0,0,0,0,0,0,0,0,0,0,0,0,0,0,0,0,0,0,0,0,0,10,13,0,0,0,0,29,0,0,0,0,0,0,21,0,0,0,20,39,0,0,0,strafe_left
0,0,0,0,0,0,0,0,0,0,0,0,19,0,0,0,0,0,0,0,0,0,0,0,0,0,13,0,0,0,0,0,0,0,0,0,0,0,0,0,0,0,0,0,0,0,0,0,0,0,0,0,0,0,0,0,0,0,0,0,0,0,0,0,0,0,0,0,0,0,0,0,0,0,13,14,0,0,0,0,30,0,0,0,0,0,0,21,0,0,0,21,40,0,0,0,strafe_left
15,0,0,0,47,96,75,78,52,0,0,0,0,0,0,0,0,0,0,0,0,0,0,0,0,0,0,0,0,0,0,0,0,0,0,0,0,0,0,0,0,0,0,0,0,0,0,0,0,0,0,0,0,0,0,0,0,0,0,0,0,0,0,0,0,0,0,0,0,0,0,0,4,0,0,0,0,0,0,0,29,0,0,0,0,0,0,5,0,0,0,24,40,0,0,0,strafe_left
0,0,0,0,0,0,0,0,0,0,0,0,0,0,0,0,0,0,0,0,0,0,0,0,5,0,0,0,0,0,0,0,0,0,0,0,7,0,0,0,0,0,0,23,40,0,0,0,17,19,31,33,0,0,6,16,35,0,0,0,5,0,22,24,0,0,0,0,9,0,0,0,0,0,0,0,0,0,0,0,4,0,0,0,0,0,0,0,0,0,0,0,0,0,0,0,strafe_right
0,0,0,0,0,0,0,0,0,0,0,0,0,0,0,0,0,0,0,0,0,0,0,0,7,0,0,0,0,0,0,0,0,0,0,0,0,0,0,0,0,0,5,28,56,0,0,0,20,11,24,35,0,0,15,23,40,0,0,0,6,0,12,10,0,0,0,0,6,0,0,0,0,0,0,0,0,0,0,0,4,0,0,0,0,0,0,0,0,0,0,0,0,0,0,0,strafe_right
0,0,0,0,0,0,0,0,0,0,0,0,0,0,0,0,0,0,0,0,0,0,0,0,0,0,0,0,0,0,0,0,3,0,0,0,0,0,0,0,0,0,19,49,70,0,0,0,19,0,0,0,0,4,32,42,61,0,0,0,0,0,0,0,0,0,0,0,7,0,0,0,0,0,0,0,0,0,0,0,8,0,0,0,0,0,0,0,0,0,0,0,0,0,0,0,strafe_right
0,0,0,0,0,0,0,0,0,0,0,0,0,0,0,0,0,0,0,0,0,0,0,0,0,0,0,0,0,0,0,0,4,0,0,0,0,0,0,0,0,0,22,49,70,0,0,0,17,0,0,0,0,6,39,49,71,0,0,0,0,0,0,0,0,0,0,0,16,0,0,0,0,0,0,0,0,0,0,0,10,0,0,0,0,0,0,0,0,0,0,0,0,0,0,0,strafe_right
0,0,0,0,0,0,0,0,0,0,0,0,0,0,0,0,0,0,0,0,0,0,0,0,0,0,0,0,0,0,0,0,7,0,0,0,0,0,0,0,0,0,21,48,91,0,0,0,11,0,0,0,0,0,22,43,69,0,0,0,0,0,0,0,0,0,0,0,23,0,0,0,0,0,0,0,0,0,0,0,6,0,0,0,0,0,0,0,0,0,0,0,0,0,0,0,strafe_right
0,0,0,0,0,0,0,0,0,0,0,0,0,0,0,0,0,0,0,0,0,0,0,0,0,0,0,0,0,0,0,0,12,0,0,0,0,0,0,0,0,0,10,51,106,0,0,0,17,0,7,18,0,0,17,32,56,0,0,0,12,0,8,0,0,0,0,0,18,0,0,0,0,0,0,0,0,0,0,0,9,0,0,0,0,0,0,0,0,0,0,0,0,0,0,0,strafe_right
0,0,0,0,0,0,0,0,0,0,0,0,0,0,0,0,0,0,0,0,0,0,0,0,0,0,0,0,0,0,0,0,0,0,0,0,0,0,0,0,0,0,0,0,12,0,0,0,36,17,34,24,0,0,0,7,23,0,0,0,12,0,34,19,0,0,0,0,7,0,0,0,0,0,0,0,0,0,0,0,17,0,0,0,0,0,0,0,0,0,0,0,0,0,0,0,strafe_right
0,0,0,0,0,0,0,0,0,0,0,0,0,0,0,0,0,0,0,0,0,0,0,0,0,0,0,0,0,0,0,0,0,0,0,0,0,0,0,0,0,0,0,0,13,0,0,0,34,17,34,25,0,0,0,8,24,0,0,0,12,0,30,16,0,0,0,0,6,0,0,0,0,0,0,0,0,0,0,0,14,0,0,0,0,0,0,0,0,0,0,0,0,0,0,0,strafe_right
0,0,0,0,0,0,0,0,0,0,0,0,0,0,0,0,0,0,0,0,0,0,0,0,0,0,0,0,0,0,0,0,0,0,0,0,0,0,0,0,0,0,0,0,0,0,0,0,36,19,36,27,0,0,0,4,23,0,0,0,10,0,33,15,0,0,0,0,4,0,0,0,0,0,0,0,0,0,0,0,14,0,0,0,0,0,0,0,0,0,0,0,0,0,0,0,strafe_right
0,0,0,0,0,0,0,0,0,0,0,0,0,0,0,0,0,0,0,0,0,0,0,0,0,0,0,0,0,0,0,0,0,0,0,0,0,0,0,0,0,0,0,0,0,0,0,0,31,16,35,33,0,0,0,14,31,0,0,0,14,0,28,12,0,0,0,0,7,0,0,0,0,0,0,0,0,0,0,0,14,0,0,0,0,0,0,0,0,0,0,0,0,0,0,0,strafe_right
0,0,0,0,0,0,0,0,0,0,0,0,0,0,0,0,0,0,0,0,0,0,0,0,0,0,0,0,0,0,0,0,0,0,0,0,0,0,0,0,0,0,0,0,22,0,0,0,29,13,32,34,0,0,13,23,42,0,0,0,14,0,25,12,0,0,0,0,11,0,0,0,0,0,0,0,0,0,0,0,14,0,0,0,0,0,0,0,0,0,0,0,0,0,0,0,strafe_right
0,0,0,0,0,0,0,0,0,0,0,0,0,0,0,0,0,0,0,0,0,0,0,0,0,0,0,0,0,0,0,0,0,0,0,0,0,0,0,0,0,0,7,15,48,0,0,0,25,0,25,29,0,0,17,31,49,0,0,0,13,0,8,0,0,0,0,0,15,0,0,0,0,0,0,0,0,0,0,0,15,0,0,0,0,0,0,0,0,0,0,0,0,0,0,0,strafe_right
66,47,56,0,0,0,0,0,0,0,0,0,15,0,7,0,0,0,0,0,0,0,0,0,0,0,7,0,0,0,0,0,0,0,0,0,0,0,0,0,0,0,0,0,0,0,0,0,62,29,44,3,0,0,0,0,0,0,0,0,5,9,36,29,0,0,0,0,0,0,0,0,0,0,0,15,0,0,0,0,7,0,0,0,0,0,0,0,0,0,0,9,0,0,0,0,backward
58,53,48,0,0,0,0,0,0,0,0,0,10,0,12,0,0,0,0,0,0,0,0,0,21,0,15,0,0,0,0,0,0,0,0,0,0,0,0,0,0,0,0,0,0,0,0,0,82,36,46,0,0,0,0,0,0,0,0,0,6,11,38,30,0,0,0,0,0,0,0,0,0,0,0,13,0,0,0,0,7,0,0,0,0,0,0,0,0,0,0,12,0,0,0,0,backward
29,50,41,0,0,0,0,0,0,0,0,0,0,0,27,0,0,0,0,0,0,0,0,0,33,0,18,0,0,0,0,0,0,0,0,0,7,0,20,0,0,0,0,0,0,0,0,0,80,38,44,3,0,0,0,0,0,0,0,0,4,9,34,26,0,0,0,0,0,0,0,0,0,0,0,9,0,0,0,0,10,0,0,0,0,0,0,0,0,0,0,17,0,0,0,0,backward
34,66,55,0,0,0,0,0,0,0,0,0,18,3,40,0,0,0,0,0,0,0,0,0,108,14,32,0,0,0,0,0,0,0,0,0,78,74,58,0,0,0,0,0,0,0,0,0,23,0,0,0,0,0,0,0,0,0,0,0,0,0,7,0,0,0,0,0,0,0,0,0,0,0,0,0,0,0,0,0,6,0,0,0,0,0,0,0,0,0,0,31,0,0,0,0,backward
17,30,15,0,0,0,0,0,0,0,0,0,17,0,26,0,0,0,0,0,0,0,0,0,110,10,26,0,0,0,0,0,0,0,0,0,77,53,52,0,0,0,0,10,6,0,0,0,49,8,8,0,0,0,0,0,0,0,0,0,0,0,18,0,0,0,0,0,0,0,0,0,0,0,0,7,0,0,0,0,8,0,0,0,0,0,0,0,0,0,0,25,0,0,0,0,backward
22,29,12,0,0,0,0,0,0,0,0,0,19,6,28,0,0,0,0,0,0,0,0,0,105,9,26,0,0,0,0,0,0,0,0,0,80,40,40,0,0,0,0,0,6,0,0,0,55,12,6,0,0,0,0,0,0,0,0,0,0,0,21,0,0,0,0,0,0,0,0,0,0,0,0,12,0,0,0,0,9,0,0,0,0,0,0,0,0,0,0,29,0,0,0,0,backward
32,36,22,0,0,0,0,0,0,0,0,0,22,4,31,0,0,0,0,0,0,0,0,0,92,7,26,0,0,0,0,0,0,0,0,0,74,41,39,0,0,0,0,0,0,0,0,0,68,16,8,0,0,0,0,0,0,0,0,0,3,0,24,0,0,0,0,0,0,0,0,0,0,0,0,12,0,0,0,0,4,0,0,0,0,0,0,0,0,0,0,22,0,0,0,0,backward
32,41,38,0,0,0,0,0,0,0,0,0,22,4,29,0,0,0,0,0,0,0,0,0,74,5,22,0,0,0,0,0,0,0,0,0,45,18,25,0,0,0,0,0,0,0,0,0,71,24,18,0,0,0,0,0,0,0,0,0,8,5,21,0,0,0,0,0,0,0,0,0,0,0,0,0,0,0,0,0,0,0,0,0,0,0,0,0,0,0,0,18,0,0,0,0,backward
11,26,33,0,0,0,0,0,0,0,0,0,15,0,22,0,0,0,0,0,0,0,0,0,49,0,19,0,0,0,0,0,0,0,0,0,0,0,13,0,0,0,0,0,0,0,0,0,63,14,15,0,0,0,0,0,0,0,0,0,6,0,13,0,0,0,0,0,0,0,0,0,0,0,0,0,0,0,0,0,0,0,0,0,0,0,0,0,0,0,0,6,0,0,0,0,backward
0,35,32,0,0,0,0,0,0,0,0,0,11,0,18,0,0,0,0,0,0,0,0,0,39,0,16,0,0,0,0,0,0,0,0,0,0,0,3,0,0,0,0,0,0,0,0,0,73,32,30,0,0,0,0,0,0,0,0,0,5,12,28,0,0,0,0,0,0,0,0,0,0,0,0,0,0,0,0,0,0,0,0,0,0,0,0,0,0,0,0,11,0,0,0,0,backward
23,47,38,0,0,0,0,0,0,0,0,0,20,0,27,0,0,0,0,0,0,0,0,0,39,0,22,0,0,0,0,0,0,0,0,0,0,0,7,0,0,0,0,0,0,0,0,0,76,25,19,0,0,0,0,0,0,0,0,0,5,12,31,10,0,0,0,0,0,0,0,0,0,0,0,16,0,0,0,0,0,0,0,0,0,0,0,0,0,0,0,20,0,0,0,0,backward
8,28,28,0,0,0,0,0,0,0,0,0,10,0,24,0,0,0,0,0,0,0,0,0,47,0,19,0,0,0,0,0,0,0,0,0,0,0,12,0,0,0,0,0,0,0,0,0,73,25,18,0,0,0,0,0,0,0,0,0,5,11,32,11,0,0,0,0,0,0,0,0,0,0,0,17,0,0,0,0,0,0,0,0,0,0,0,0,0,0,0,21,0,0,0,0,backward
47,52,54,0,0,0,0,0,0,0,0,0,14,3,32,0,0,0,0,0,0,0,0,0,61,0,23,0,0,0,0,0,0,0,0,0,0,6,6,0,0,0,0,0,0,0,0,0,96,38,30,0,0,0,0,0,0,0,0,0,10,15,30,7,0,0,0,0,0,0,0,0,0,0,0,11,0,0,0,0,0,0,0,0,0,0,0,0,0,0,0,27,0,0,0,0,backward
12,53,52,0,0,0,0,0,0,0,0,0,14,0,27,0,0,0,0,0,0,0,0,0,59,0,19,0,0,0,0,0,0,0,0,0,8,16,21,0,0,0,0,0,0,0,0,0,61,21,27,0,0,0,0,0,0,0,0,0,10,10,22,0,0,0,0,0,0,0,0,0,0,0,0,0,0,0,0,0,0,0,0,0,0,0,0,0,0,0,0,25,0,0,0,0,backward
17,40,54,0,0,0,0,0,0,0,0,0,14,0,34,0,0,0,0,0,0,0,0,0,57,0,21,0,0,0,0,0,0,0,0,0,5,6,16,0,0,0,0,0,0,0,0,0,68,28,28,0,0,0,0,0,0,0,0,0,14,9,21,0,0,0,0,0,0,0,0,0,0,0,0,0,0,0,0,0,0,0,0,0,0,0,0,0,0,0,0,21,0,0,0,0,backward
14,40,41,0,0,0,0,0,0,0,0,0,13,0,19,0,0,0,0,0,0,0,0,0,29,0,13,0,0,0,0,0,0,0,0,0,0,0,4,0,0,0,0,0,0,0,0,0,45,20,25,0,0,0,0,0,0,0,0,0,10,10,20,0,0,0,0,0,0,0,0,0,0,0,0,0,0,0,0,0,0,0,0,0,0,0,0,0,0,0,0,18,0,0,0,0,backward
18,41,50,0,0,0,0,0,0,0,0,0,16,0,25,3,0,0,0,0,0,0,0,0,38,0,19,0,0,0,0,0,0,0,0,0,0,0,0,0,0,0,0,0,0,0,0,0,63,35,35,0,0,0,0,0,0,0,0,0,6,17,29,9,0,0,0,0,0,0,0,0,0,0,0,0,0,0,0,0,0,0,0,0,0,0,0,0,0,0,0,24,0,0,0,0,backward
28,45,49,0,0,0,0,0,0,0,0,0,18,0,27,0,0,0,0,0,0,0,0,0,32,0,19,0,0,0,0,0,0,0,0,0,0,0,0,0,0,0,0,0,0,0,0,0,70,19,22,0,0,0,0,0,0,0,0,0,7,9,31,9,0,0,0,0,0,0,0,0,0,0,0,13,0,0,0,0,0,0,0,0,0,0,0,0,0,0,0,32,0,0,0,0,backward
17,45,36,0,0,0,0,0,0,0,0,0,17,0,24,0,0,0,0,0,0,0,0,0,41,0,20,0,0,0,0,0,0,0,0,0,0,0,0,0,0,0,0,0,0,0,0,0,77,24,21,0,0,0,0,0,0,0,0,0,6,8,34,11,0,0,0,0,0,0,0,0,0,0,0,18,0,0,0,0,0,0,0,0,0,0,0,0,0,0,0,28,0,0,0,0,backward
0,18,25,0,0,0,0,0,0,0,0,0,0,0,10,4,0,0,0,0,0,0,0,0,0,0,8,0,0,0,0,0,0,0,0,0,0,0,0,0,0,0,0,0,0,0,0,0,17,0,0,0,0,0,0,6,16,0,0,0,3,0,0,0,0,0,0,0,17,0,0,0,0,0,0,0,0,0,0,0,7,0,0,0,0,0,0,0,0,0,0,0,10,0,0,0,none
0,19,28,0,0,0,0,0,0,0,0,0,0,0,10,3,0,0,0,0,0,0,0,0,0,0,8,0,0,0,0,0,0,0,0,0,0,0,0,0,0,0,0,0,0,0,0,0,18,0,0,0,0,0,0,0,11,0,0,0,4,0,0,0,0,0,0,0,13,0,0,0,0,0,0,0,0,0,0,0,5,0,0,0,0,0,0,0,0,0,0,0,8,0,0,0,none
0,9,20,0,0,0,0,0,0,0,0,0,0,0,4,0,0,0,0,0,0,0,0,0,0,0,3,0,0,0,0,0,0,0,0,0,0,0,0,0,0,0,0,0,0,0,0,0,16,0,0,0,0,0,0,4,13,0,0,0,5,0,0,0,0,0,0,0,15,0,0,0,0,0,0,0,0,0,0,0,9,0,0,0,0,0,0,0,0,0,0,0,12,0,0,0,none
0,0,0,0,0,0,0,0,0,0,0,0,0,0,0,0,0,0,0,0,0,0,0,0,0,0,0,0,0,0,0,0,0,0,0,0,0,0,0,0,0,0,0,0,0,0,0,0,15,0,0,0,0,0,0,0,10,0,0,0,4,0,0,0,0,0,0,0,16,0,0,0,0,0,0,0,0,0,0,0,9,0,0,0,0,0,0,0,0,0,0,3,13,0,0,0,none
0,12,5,0,0,0,0,0,0,0,0,0,0,0,0,0,0,0,0,0,0,0,0,0,0,0,8,0,0,0,0,0,0,0,0,0,0,0,0,0,0,0,0,0,0,0,0,0,23,5,0,0,0,0,0,0,6,0,0,0,10,0,0,0,0,0,0,0,3,0,0,0,0,0,0,0,0,0,0,0,0,0,0,0,0,0,0,0,0,0,0,0,8,0,0,0,none
0,13,4,0,0,0,0,0,0,0,0,0,0,0,0,0,0,0,0,0,0,0,0,0,0,0,9,0,0,0,0,0,0,0,0,0,0,0,0,0,0,0,0,0,0,0,0,0,21,4,0,0,0,0,0,0,8,0,0,0,10,0,0,0,0,0,0,0,5,0,0,0,0,0,0,0,0,0,0,0,0,0,0,0,0,0,0,0,0,0,0,0,7,0,0,0,none
10,16,15,7,0,0,0,0,0,0,0,0,0,0,0,0,0,0,0,0,0,0,0,0,0,0,10,0,0,0,0,0,0,0,0,0,0,0,0,0,0,0,0,0,0,0,0,0,0,0,0,0,0,0,0,0,0,0,0,0,3,0,0,0,0,0,0,0,3,0,0,0,0,0,0,0,0,0,0,0,0,0,0,0,0,0,0,0,0,0,0,0,15,0,0,0,none
12,16,14,7,0,0,0,0,0,0,0,0,0,0,0,0,0,0,0,0,0,0,0,0,0,0,7,0,0,0,0,0,0,0,0,0,0,0,0,0,0,0,0,0,0,0,0,0,0,0,0,0,0,0,0,0,0,0,0,0,4,0,0,0,0,0,0,0,6,0,0,0,0,0,0,0,0,0,0,0,0,0,0,0,0,0,0,0,0,0,0,0,16,0,0,0,none
14,16,13,5,0,0,0,0,0,0,0,0,0,0,0,0,0,0,0,0,0,0,0,0,0,0,7,0,0,0,0,0,0,0,0,0,0,0,0,0,0,0,0,0,0,0,0,0,0,0,0,0,0,0,0,0,0,0,0,0,3,0,0,0,0,0,0,0,5,0,0,0,0,0,0,0,0,0,0,0,0,0,0,0,0,0,0,0,0,0,0,0,16,0,0,0,none
12,13,10,5,0,0,0,0,0,0,0,0,0,0,0,0,0,0,0,0,0,0,0,0,0,0,8,0,0,0,0,0,0,0,0,0,0,0,0,0,0,0,0,0,0,0,0,0,0,0,0,0,0,0,0,0,0,0,0,0,3,0,0,0,0,0,0,0,5,0,0,0,0,0,0,0,0,0,0,0,0,0,0,0,0,0,0,0,0,0,0,0,14,0,0,0,none
0,0,0,0,0,0,7,13,0,0,0,0,0,0,0,0,0,0,0,0,0,0,0,0,0,0,0,0,0,0,0,0,0,0,0,0,0,0,0,0,0,0,0,0,0,0,0,0,0,0,0,0,0,0,0,5,6,0,0,0,0,0,0,0,0,0,0,0,10,0,0,0,0,0,0,0,0,0,0,0,5,0,0,0,0,0,0,0,0,0,0,0,18,0,0,0,none
0,0,0,0,0,0,7,13,0,0,0,0,0,0,0,0,0,0,0,0,0,0,0,0,0,0,0,0,0,0,0,0,3,0,0,0,0,0,0,0,0,0,0,0,0,0,0,0,0,0,0,0,0,0,0,5,8,0,0,0,0,0,0,0,0,0,0,0,10,0,0,0,0,0,0,0,0,0,0,0,5,0,0,0,0,0,0,0,0,0,0,0,16,0,0,0,none
0,0,0,0,0,0,6,9,0,0,0,0,0,0,0,0,0,0,0,0,0,0,0,0,0,0,0,0,0,0,0,0,0,0,0,0,0,0,0,0,0,0,0,0,0,0,0,0,0,0,0,0,0,0,0,4,7,0,0,0,0,0,0,0,0,0,0,0,10,0,0,0,0,0,0,0,0,0,0,0,4,0,0,0,0,0,0,0,0,0,0,0,17,0,0,0,none
20,12,5,0,0,0,0,0,0,0,0,0,0,0,0,0,0,0,0,0,0,0,0,0,0,0,10,0,0,0,0,0,0,0,0,0,0,0,0,0,0,0,0,0,0,0,0,0,10,24,0,0,0,0,0,0,0,0,0,0,5,0,0,0,0,0,0,0,0,0,0,0,0,0,5,0,0,0,0,0,0,0,0,0,0,0,0,0,0,0,0,0,3,0,0,0,none
20,14,5,0,0,0,0,0,0,0,0,0,0,0,0,0,0,0,0,0,0,0,0,0,0,0,11,0,0,0,0,0,0,0,0,0,0,0,0,0,0,0,0,0,0,0,0,0,17,24,0,0,0,0,0,0,0,0,0,0,0,0,0,0,0,0,0,0,0,0,0,0,0,0,6,0,0,0,0,0,0,0,0,0,0,0,0,0,0,0,0,0,3,0,0,0,none
20,13,5,0,0,0,0,0,0,0,0,0,0,0,0,0,0,0,0,0,0,0,0,0,0,0,7,0,0,0,0,0,0,0,0,0,0,0,0,0,0,0,0,0,0,0,0,0,11,22,0,0,0,0,0,0,0,0,0,0,6,0,0,0,0,0,0,0,0,0,0,0,0,0,6,0,0,0,0,0,0,0,0,0,0,0,0,0,0,0,0,0,3,0,0,0,none
18,14,4,0,0,0,0,0,0,0,0,0,0,0,0,0,0,0,0,0,0,0,0,0,0,0,10,0,0,0,0,0,0,0,0,0,0,0,0,0,0,0,0,0,0,0,0,0,17,24,0,0,0,0,0,0,0,0,0,0,5,0,0,0,0,0,0,0,0,0,0,0,0,0,8,0,0,0,0,0,0,0,0,0,0,0,0,0,0,0,0,0,4,0,0,0,none
19,13,5,0,0,0,0,0,0,0,0,0,0,0,0,0,0,0,0,0,0,0,0,0,0,0,9,0,0,0,0,0,0,0,0,0,0,0,0,0,0,0,0,0,0,0,0,0,19,22,0,0,0,0,0,0,0,0,0,0,5,0,0,0,0,0,0,0,0,0,0,0,0,0,7,0,0,0,0,0,0,0,0,0,0,0,0,0,0,0,0,0,4,0,0,0,none
0,0,0,0,0,0,0,0,0,0,0,0,0,0,0,0,0,0,0,0,0,0,0,0,0,0,11,0,0,0,0,0,0,0,0,0,0,0,8,0,0,0,0,0,0,0,0,0,0,0,0,0,0,0,0,5,10,0,0,0,6,0,0,0,0,0,0,0,0,0,0,0,0,0,7,0,0,0,0,0,0,0,0,0,0,0,0,0,0,0,0,0,8,0,0,0,none
0,0,3,0,0,0,0,0,0,0,0,0,0,0,0,0,0,0,0,0,0,0,0,0,0,0,9,0,0,0,0,0,0,0,0,0,0,0,8,0,0,0,0,0,0,0,0,0,0,0,0,0,0,0,0,6,10,0,0,0,3,0,0,0,0,0,0,0,0,0,0,0,0,0,7,0,0,0,0,0,0,0,0,0,0,0,0,0,0,0,0,0,7,0,0,0,none
0,0,0,0,0,0,0,0,0,0,0,0,0,0,0,0,0,0,0,0,0,0,0,0,0,0,10,0,0,0,0,0,0,0,0,0,0,0,6,0,0,0,0,0,0,0,0,0,0,0,0,0,0,0,0,6,9,0,0,0,6,0,0,0,0,0,0,0,0,0,0,0,0,0,5,0,0,0,0,0,0,0,0,0,0,0,0,0,0,0,0,0,7,0,0,0,none
0,0,3,0,0,0,0,0,0,0,0,0,0,0,0,0,0,0,0,0,0,0,0,0,0,0,11,0,0,0,0,0,0,0,0,0,0,0,4,0,0,0,0,0,0,0,0,0,0,0,0,0,0,0,0,6,9,0,0,0,3,0,0,0,0,0,0,0,3,0,0,0,0,0,7,0,0,0,0,0,0,0,0,0,0,0,0,0,0,0,0,0,9,0,0,0,none
0,0,3,0,0,0,0,0,0,0,0,0,0,0,0,0,0,0,0,0,0,0,0,0,0,0,11,0,0,0,0,0,0,0,0,0,0,0,5,0,0,0,0,0,0,0,0,0,0,0,0,0,0,0,0,6,9,0,0,0,0,0,0,0,0,0,0,0,0,0,0,0,0,0,7,0,0,0,0,0,0,0,0,0,0,0,0,0,0,0,0,0,9,0,0,0,none
0,0,4,0,0,0,0,0,0,0,0,0,0,0,0,0,0,0,0,0,0,0,0,0,0,0,11,0,0,0,0,0,0,0,0,0,0,0,0,0,0,0,0,0,0,0,0,0,0,0,0,0,0,0,0,6,9,0,0,0,4,0,0,0,0,0,0,0,0,0,0,0,0,0,4,0,0,0,0,0,0,0,0,0,0,0,0,0,0,0,0,0,9,0,0,0,none
0,0,0,0,0,0,0,0,0,0,0,0,0,0,0,0,0,0,0,0,0,0,0,0,0,0,8,0,0,0,0,0,0,0,0,0,0,0,0,0,0,0,0,0,0,0,0,0,0,0,0,0,0,0,0,5,9,0,0,0,4,0,0,0,0,0,0,0,0,0,0,0,0,0,8,3,0,0,0,0,0,0,0,0,0,0,0,0,0,0,0,0,9,0,0,0,none
3,0,0,0,0,0,0,0,0,0,0,0,0,0,0,0,0,0,0,0,0,0,0,0,0,0,7,0,0,0,0,0,0,0,0,0,0,0,0,0,0,0,0,0,0,0,0,0,0,0,0,0,0,0,0,5,9,0,0,0,4,0,0,0,0,0,0,0,0,0,0,0,0,0,7,0,0,0,0,0,0,0,0,0,0,0,0,0,0,0,0,0,9,0,0,0,none
0,0,0,0,0,0,0,0,0,0,0,0,0,0,0,0,0,0,0,0,0,0,0,0,0,0,0,0,0,0,0,0,0,0,0,0,0,0,0,0,0,0,0,0,0,0,0,0,0,0,0,0,0,0,0,5,8,0,0,0,4,0,0,0,0,0,0,0,0,0,0,0,0,0,6,0,0,0,0,0,0,0,0,0,0,0,0,0,0,0,0,0,7,0,0,0,none
0,0,0,0,0,0,0,0,0,0,0,0,0,0,0,0,0,0,0,0,0,0,0,0,0,0,0,0,0,0,0,0,0,0,0,0,0,0,0,0,0,0,0,0,0,0,0,0,0,0,0,0,0,0,0,5,9,0,0,0,5,0,0,0,0,0,0,0,0,0,0,0,0,0,6,3,0,0,0,0,0,0,0,0,0,0,0,0,0,0,0,0,10,0,0,0,none
0,0,0,0,0,0,0,0,0,0,0,0,0,0,0,0,0,0,0,0,0,0,0,0,0,0,0,0,0,0,0,0,0,0,0,0,0,0,0,0,0,0,0,0,0,0,0,0,0,0,0,0,0,0,0,5,8,0,0,0,5,0,0,0,0,0,0,0,0,0,0,0,0,0,6,0,0,0,0,0,0,0,0,0,0,0,0,0,0,0,0,0,10,0,0,0,none
0,0,0,0,0,0,0,0,0,0,0,0,0,0,0,0,0,0,0,0,0,0,0,0,0,0,0,0,0,0,0,0,0,0,0,0,0,0,0,0,0,0,0,0,0,0,0,0,0,0,0,0,0,0,0,4,8,0,0,0,5,0,0,0,0,0,0,0,0,0,0,0,0,0,6,3,0,0,0,0,0,0,0,0,0,0,0,0,0,0,0,0,10,0,0,0,none
0,0,0,0,0,0,0,0,0,0,0,0,0,0,0,0,0,0,0,0,0,0,0,0,0,0,0,0,0,0,0,0,0,0,0,0,0,0,0,0,0,0,0,0,0,0,0,0,0,0,0,0,0,0,0,4,7,0,0,0,5,0,0,0,0,0,0,0,0,0,0,0,0,0,5,3,0,0,0,0,0,0,0,0,0,0,0,0,0,0,0,0,9,0,0,0,none
0,0,0,0,0,0,0,0,0,0,0,0,0,0,0,0,0,0,0,0,0,0,0,0,0,0,0,0,0,0,0,0,0,0,0,0,0,0,0,0,0,0,0,0,0,0,0,0,0,0,0,0,0,0,0,0,4,0,0,0,4,0,0,0,0,0,0,0,0,0,0,0,0,0,8,5,0,0,0,0,0,0,0,0,0,0,0,0,0,0,0,0,8,0,0,0,none
